nome_antigo,nome_novo,dimensao,motivo,data,acao,versao_remocao
capital_uf,flag_capital_uf,00_diretorios,"integer64 0/1, mas o nome se le como 'a UF da capital'; sem prefixo de flag",,renomear,dados-v2.0.0
amazonia_legal,flag_amazonia_legal,00_diretorios,Flag 0/1 sem prefixo; tipo integer64 em diretorios.RData e character em meio_ambiente.RData,,renomear,dados-v2.0.0
centroide,centroide_wkt_sirgas2000,00_diretorios,Tipo wk_wkt em diretorios.RData que vira character no xlsx; sem CRS nem formato no nome,,renomear,dados-v2.0.0
populacao,populacao_residente_i,02_populacao,Generico; colide com a populacao da dim 4 (removida em municipalityBR.qmd:97) e semanticamente com populacao_atendida_agua/esgoto/urbana do SNIS,,renomear,dados-v2.0.0
prop_catolicos,censo_catolicos_prop,02_populacao,Prefixo prop_ em vez de sufixo de escala; declarada STRING no dicionario e numeric em populacao_brasileira.RData,,renomear,dados-v2.0.0
prop_evangelicos_pentecostais,censo_evangelicos_pentecostais_prop,02_populacao,Prefixo prop_ sem sufixo de escala (0-1),,renomear,dados-v2.0.0
prop_evangelicos_missao,censo_evangelicos_missao_prop,02_populacao,Prefixo prop_ sem sufixo de escala (0-1),,renomear,dados-v2.0.0
prop_espiritas,censo_espiritas_prop,02_populacao,Prefixo prop_ sem sufixo de escala (0-1),,renomear,dados-v2.0.0
prop_matriz_africana,censo_matriz_africana_prop,02_populacao,Prefixo prop_ sem sufixo de escala (0-1),,renomear,dados-v2.0.0
ano_censo,ano_ref_censo_religiao,02_populacao,"Generico: nao diz que e o ano do Censo de religiao (2000/2010) replicado sobre 1996-2015; mesmo padrao de ano_avs, ano_ideb, ano_eleicao, ano_inicio",,renomear,dados-v2.0.0
total_desastres,s2id_desastres_i,03_meio_ambiente,"Prefixo total_ generico, sem fonte (S2iD/Atlas de Desastres) e sem sufixo de contagem",,renomear,dados-v2.0.0
total_pessoas_afetadas,s2id_pessoas_afetadas_desastre_i,03_meio_ambiente,Idem; nao diz que e afetadas POR DESASTRE,,renomear,dados-v2.0.0
total_danos_materiais,s2id_danos_materiais_brl2023,03_meio_ambiente,Valor monetario sem unidade e sem indicacao de deflacao,,renomear,dados-v2.0.0
total_prejuizos_publicos,s2id_prejuizos_publicos_brl2023,03_meio_ambiente,Valor monetario sem unidade e sem indicacao de deflacao,,renomear,dados-v2.0.0
total_prejuizos_privados,s2id_prejuizos_privados_brl2023,03_meio_ambiente,Valor monetario sem unidade e sem indicacao de deflacao,,renomear,dados-v2.0.0
total_desastres_climatologicos,s2id_desastres_climatologicos_i,03_meio_ambiente,Prefixo total_ generico; a familia tem 20 colunas (5 metricas x 4 tipos) com o mesmo defeito,,renomear,dados-v2.0.0
total_desastres_hidrologicos,s2id_desastres_hidrologicos_i,03_meio_ambiente,Idem,,renomear,dados-v2.0.0
total_desastres_meteorologicos,s2id_desastres_meteorologicos_i,03_meio_ambiente,Idem,,renomear,dados-v2.0.0
total_desastres_outros,s2id_desastres_outros_i,03_meio_ambiente,'outros' como categoria residual nao documentada,,renomear,dados-v2.0.0
populacao_atendida_agua,snis_populacao_atendida_agua_i,03_meio_ambiente,Sem prefixo de fonte; colide semanticamente com populacao (dim 2). Tipo character em meio_ambiente.RData apesar de ser contagem,,renomear,dados-v2.0.0
populacao_atentida_esgoto,snis_populacao_atendida_esgoto_i,03_meio_ambiente,"Erro de digitacao ('atentida'). Origem upstream: alias da propria tabela SNIS na Base dos Dados, saneamento.R:18. PUBLICADO na base final (renomear_variaveis.R:33)",,renomear,dados-v2.0.0
populacao_urbana,snis_populacao_urbana_i,03_meio_ambiente,"Sem prefixo de fonte; e a populacao urbana do SNIS, nao do Censo, e le-se como atributo demografico do municipio",,renomear,dados-v2.0.0
populacao_urbana_residente_agua,snis_populacao_urbana_residente_area_atendida_agua_i,03_meio_ambiente,Sem prefixo; 'residente_agua' e construcao opaca do SNIS,,renomear,dados-v2.0.0
populacao_urbana_atendida_esgoto,snis_populacao_urbana_atendida_esgoto_i,03_meio_ambiente,Sem prefixo de fonte; character em meio_ambiente.RData apesar de contagem,,renomear,dados-v2.0.0
extensao_rede_agua,snis_extensao_rede_agua_km,03_meio_ambiente,Sem unidade no nome (km) e sem prefixo de fonte,,renomear,dados-v2.0.0
extensao_rede_esgoto,snis_extensao_rede_esgoto_km,03_meio_ambiente,Sem unidade no nome (km) e sem prefixo de fonte,,renomear,dados-v2.0.0
quantidade_sede_municipal_agua,snis_sedes_municipais_atendidas_agua_i,03_meio_ambiente,Prefixo quantidade_ generico compartilhado com a dim 14; character apesar de contagem,,renomear,dados-v2.0.0
quantidade_sede_municipal_esgoto,snis_sedes_municipais_atendidas_esgoto_i,03_meio_ambiente,Idem; prefixo generico e tipo character,,renomear,dados-v2.0.0
quantidade_ligacao_total_agua,snis_ligacoes_agua_i,03_meio_ambiente,Prefixo generico; 'total' redundante; tipo character,,renomear,dados-v2.0.0
quantidade_ligacao_total_esgoto,snis_ligacoes_esgoto_i,03_meio_ambiente,Prefixo generico; 'total' redundante; tipo character,,renomear,dados-v2.0.0
quantidade_empregado,snis_empregados_prestador_i,03_meio_ambiente,"Singular, sem fonte; sao empregados do PRESTADOR de saneamento, nao do municipio",,renomear,dados-v2.0.0
despesa_pessoal,snis_despesa_pessoal_prestador_brl2023,03_meio_ambiente,"Generico, sem fonte; e despesa de pessoal do prestador de saneamento e esta deflacionada (saneamento.R:186-190) sem marca no nome",,renomear,dados-v2.0.0
arrecadacao_total,snis_arrecadacao_prestador_brl2023,03_meio_ambiente,"Generico, sem fonte; colide conceitualmente com as receitas do SICONFI (dim 6); deflacionada sem marca",,renomear,dados-v2.0.0
investimento_agua_municipio,snis_investimento_agua_fonte_municipio_brl2023,03_meio_ambiente,"Deflacionado (saneamento.R:186-190) sem sufixo; 'municipio' aqui e a FONTE do investimento, nao a unidade geografica",,renomear,dados-v2.0.0
investimento_agua_estado,snis_investimento_agua_fonte_estado_brl2023,03_meio_ambiente,Idem: sufixo designa a fonte do recurso e se confunde com recorte geografico,,renomear,dados-v2.0.0
investimento_agua_prestador,snis_investimento_agua_fonte_prestador_brl2023,03_meio_ambiente,Idem,,renomear,dados-v2.0.0
investimento_esgoto_municipio,snis_investimento_esgoto_fonte_municipio_brl2023,03_meio_ambiente,Idem,,renomear,dados-v2.0.0
investimento_esgoto_estado,snis_investimento_esgoto_fonte_estado_brl2023,03_meio_ambiente,Idem,,renomear,dados-v2.0.0
investimento_esgoto_prestador,snis_investimento_esgoto_fonte_prestador_brl2023,03_meio_ambiente,Idem,,renomear,dados-v2.0.0
indice_atendimento_total_agua,snis_indice_atendimento_total_agua_pct,03_meio_ambiente,Sem prefixo de fonte e sem escala (percentual),,renomear,dados-v2.0.0
indice_atendimento_esgoto_agua,snis_indice_atendimento_esgoto_sobre_populacao_agua_pct,03_meio_ambiente,Nome ilegivel: e o indice de atendimento de esgoto referido a populacao atendida com AGUA. Sem escala,,renomear,dados-v2.0.0
area_total_municipio,area_municipio_km2,03_meio_ambiente,Sem unidade (km2); 'total' redundante,,renomear,dados-v2.0.0
desmatado_total_municipio,area_desmatada_municipio_km2,03_meio_ambiente,"Particulo usado como substantivo, sem unidade (km2) e sem fonte (MapBiomas/PRODES)",,renomear,dados-v2.0.0
desmatado_total_amazonia,area_desmatada_bioma_amazonia_km2,03_meio_ambiente,"Idem; e a parcela desmatada do bioma dentro do municipio, nao o desmatamento do bioma",,renomear,dados-v2.0.0
desmatado_total_caatinga,area_desmatada_bioma_caatinga_km2,03_meio_ambiente,"Idem (mesma familia: cerrado, mata_atlantica, pampa, pantanal)",,renomear,dados-v2.0.0
proporcao_desmatado,area_desmatada_sobre_area_municipio_prop,03_meio_ambiente,Escala 0-1 sem sufixo; denominador (area_total_municipio) so visivel no codigo (desmatamento.R:67),,renomear,dados-v2.0.0
lag_total_desmatado,area_desmatada_municipio_km2_lag1,03_meio_ambiente,Nome de OPERACAO (lag) em vez de conceito; ordem do lag nao explicita (desmatamento.R:75),,renomear,dados-v2.0.0
taxa_crescimento_desmatamento_abs,variacao_absoluta_area_desmatada_km2,03_meio_ambiente,Contradicao interna: 'taxa' e 'abs' (absoluto) no mesmo nome; sem unidade,,renomear,dados-v2.0.0
id,adapta_id_indicador,03_meio_ambiente,"Nome maximamente generico (id interno do indicador AdaptaBrasil) que sobrevive ate a base publicada, posicao 97 de renomear_variaveis.R:44",,renomear,dados-v2.0.0
cidades_resilientes,adapta_indice_adesao_programa_cidades_resilientes,03_meio_ambiente,Nome plural que parece uma lista/contagem de cidades; e o indicador de adesao do municipio ao programa (AB6.1),,renomear,dados-v2.0.0
pib,pib_brl2023,04_economia,Sem unidade nem indicacao de deflacao no nome (pib_municipal.R:76 deflaciona para 12/2023); integer64 na origem,,renomear,dados-v2.0.0
impostos_liquidos,impostos_liquidos_brl2023,04_economia,Sem unidade nem deflacao no nome,,renomear,dados-v2.0.0
va,valor_adicionado_bruto_brl2023,04_economia,"Nome de duas letras, maximamente generico (valor adicionado bruto). PUBLICADO",,renomear,dados-v2.0.0
va_agropecuaria,valor_adicionado_agropecuaria_brl2023,04_economia,Prefixo va_ nao expandido; sem unidade nem deflacao no nome,,renomear,dados-v2.0.0
va_industria,valor_adicionado_industria_brl2023,04_economia,Idem,,renomear,dados-v2.0.0
va_servicos,valor_adicionado_servicos_brl2023,04_economia,Idem,,renomear,dados-v2.0.0
va_adespss,valor_adicionado_administracao_publica_brl2023,04_economia,"Sigla opaca (administracao, defesa, educacao e saude publicas e seguridade social). PUBLICADO",,renomear,dados-v2.0.0
pib_per_capita,pib_per_capita_brl2023,04_economia,"Sem unidade; renomeado para explicitar a base do deflator. CORRECAO DE 26/07/2026 (achado 62): a versao anterior deste motivo afirmava que o indicador ficara 'nao reproduzivel' porque o denominador foi removido da base. E FALSO, e foi medido: pib_brl2023 / populacao_residente_i (de 02_populacao) reproduz a coluna em 127.786 de 127.786 linhas, com desvio maximo de 7,3e-12. O denominador nao esta DENTRO de 04_economia por decisao de dono unico, e isso e diferente de nao ser reproduzivel",,renomear,dados-v2.0.0
impostos_pib,razao_impostos_sobre_pib_prop,04_economia,"E uma razao, mas o nome parece uma justaposicao de dois indicadores",,renomear,dados-v2.0.0
dependencia_adm,participacao_va_administracao_publica_prop,04_economia,'dependencia' sem denominador explicito (participacao do VA da administracao publica no VA total); 'adm' abreviado enquanto as irmas nao sao,,renomear,dados-v2.0.0
dependencia_industria,participacao_va_industria_prop,04_economia,'dependencia' sem denominador explicito,,renomear,dados-v2.0.0
dependencia_agro,participacao_va_agropecuaria_prop,04_economia,Idem; 'agro' abreviado enquanto va_agropecuaria nao e,,renomear,dados-v2.0.0
dependencia_servicos,participacao_va_servicos_prop,04_economia,'dependencia' sem denominador explicito,,renomear,dados-v2.0.0
log_pib,ln_pib_brl2023,04_economia,Transformacao no nome sem dizer a base (e logaritmo natural),,renomear,dados-v2.0.0
log_pib_per_capita,ln_pib_per_capita_brl2023,04_economia,Idem; e uma das colunas consumidas por scripts/artigo,,renomear,dados-v2.0.0
log_valor_adicionado,ln_valor_adicionado_bruto_brl2023,04_economia,"Idem; e o log de va, cujo nome curto ja e ambiguo",,renomear,dados-v2.0.0
ano_avs,ano_ref_ivs,05_sociedade,Sigla opaca (AVS = Atlas da Vulnerabilidade Social); e o ano censitario 2000/2010 replicado sobre 1996-2015 em sociedade.R,,renomear,dados-v2.0.0
proporcao_vulnerabilidade_socioeconomica,vulnerabilidade_socioeconomica_pct,05_sociedade,Prefixo proporcao_ sem sufixo de escala; escala real 0-100,,renomear,dados-v2.0.0
prosperidade_social,classe_prosperidade_social,05_sociedade,"Nome sugere indice numerico, mas o tipo e character (classe categorica)",,renomear,dados-v2.0.0
total_receitas_fundeb,siconfi_deducao_fundeb_brl2023,06_financas,"O NOME MENTE: e a DEDUCAO do FUNDEB, nao uma receita (siconfi.R:94, sum(valor[deducao_fundeb == 1])). Esta entre as colunas consumidas por scripts/artigo",,renomear,dados-v2.0.0
total_transferencias_constitucionais,siconfi_deducao_transferencias_constitucionais_brl2023,06_financas,"Tambem e uma DEDUCAO (siconfi.R:95, estagio == 'Deducoes - Transferencias Constitucionais'), nao a transferencia recebida",,renomear,dados-v2.0.0
total_receitas_outras_deducoes,siconfi_deducao_outras_brl2023,06_financas,Nome hibrido 'receitas' + 'deducoes'; e so deducao (siconfi.R:96),,renomear,dados-v2.0.0
total_receitas_brutas,siconfi_receitas_brutas_brl2023,06_financas,Sem prefixo de fonte nem marca de deflacao (deflacionada em siconfi.R:119-122),,renomear,dados-v2.0.0
total_receitas_realizadas,siconfi_receitas_realizadas_brl2023,06_financas,Idem,,renomear,dados-v2.0.0
total_receitas_proprias,siconfi_receitas_proprias_brl2023,06_financas,Idem; a regra de 'receita propria' esta so no case_when de siconfi.R:59,,renomear,dados-v2.0.0
total_receitas_proprias_realizadas,siconfi_receitas_proprias_realizadas_brl_nominal,06_financas,"UNICA coluna monetaria de financas que NAO entra no across de deflacao (siconfi.R:119-122): fica em reais nominais entre irmas deflacionadas para 12/2023, com nome indistinguivel",,renomear,dados-v2.0.0
razao_receitas_proprias,siconfi_receitas_proprias_sobre_receitas_brutas_prop,06_financas,"Escala 0-1 sem sufixo; denominador e total_receitas, que tem dupla contagem",,renomear,dados-v2.0.0
razao_receitas_proprias_realizadas,siconfi_receitas_proprias_realizadas_sobre_realizadas_prop,06_financas,"Idem, escala 0-1 sem sufixo",,renomear,dados-v2.0.0
localidade_gasto,emendas_localidade_gasto_texto,06_financas,PUBLICADO e generico; e o texto livre 'Municipio - UF' da CGU usado como chave de pareamento (Emendas/script.R:40),,renomear,dados-v2.0.0
estatutarios_direta,munic_vinculos_estatutarios_adm_direta_i,07_recursos_humanos,"Sem prefixo de fonte, sem sufixo de contagem; 'direta' = administracao direta, colide com qualquer outro uso de direta/indireta",,renomear,dados-v2.0.0
clt_direta,munic_vinculos_clt_adm_direta_i,07_recursos_humanos,"Idem (mesma familia: comissionados_direta, estagiarios_direta, sem_vinculo_permanente_direta e os seis analogos _indireta)",,renomear,dados-v2.0.0
total_funcionarios_direta,munic_vinculos_totais_adm_direta_i,07_recursos_humanos,'total' sem qualificar que e ESTOQUE de vinculos ativos no ano de referencia da pesquisa Munic,,renomear,dados-v2.0.0
comiss_direta,munic_comissionados_adm_direta_prop,07_recursos_humanos,"Abreviacao opaca; e uma PROPORCAO 0-1 (comissionados/total) convivendo com contagens na mesma tabela, sem sufixo de escala",,renomear,dados-v2.0.0
administracao_indireta,munic_existe_administracao_indireta_cat,07_recursos_humanos,"Nome sugere booleano; e character com 6 rotulos ('Sim','Nao','Recusa','Nao informou','Nao informado') e, so em 2011, uma CONTAGEM numerica - dois conceitos incompativeis no mesmo nome",,renomear,dados-v2.0.0
total_funcionarios_indireta,munic_vinculos_totais_adm_indireta_i,07_recursos_humanos,Idem,,renomear,dados-v2.0.0
comiss_indireta,munic_comissionados_adm_indireta_prop,07_recursos_humanos,Idem,,renomear,dados-v2.0.0
total_violacoes,disque100_denuncias_violacoes_i,01_assistencia_social_dh,Generico: nao identifica a fonte (Disque 100) nem o recorte (denuncias de violacao de direitos humanos); colide com contagens de violencia das dims 11 e 14. Alem disso e redundante por construcao (som,,renomear,dados-v2.0.0
total_violacoes_crianca_adolescente,disque100_denuncias_crianca_adolescente_i,01_assistencia_social_dh,"Prefixo total_ generico, sem fonte (mesma familia: _lgbtq, _pcd, _pessoa_idosa, _religiao)",,renomear,dados-v2.0.0
media_densidade_banda_larga_anual,anatel_bl_densidade_media_anual_por_100_dom,08_energia_internet,Sem unidade no nome (acessos por 100 domicilios),,renomear,dados-v2.0.0
media_densidade_banda_larga_anual_capital,anatel_bl_densidade_media_anual_capital_uf,08_energia_internet,O sufixo _capital designa a CAPITAL DA UF mas le-se como per capita,,renomear,dados-v2.0.0
prop_densidade_banda_larga_rel_capital,anatel_bl_densidade_sobre_capital_uf_prop,08_energia_internet,Escala inconsistente: percentual no intermediario (bandalarga.R:79) e razao pura na dimensao (energia_internet.R:17),,renomear,dados-v2.0.0
media_densidade_telefonia_movel_anual,anatel_tm_densidade_media_anual_por_100_dom,08_energia_internet,Sem unidade no nome,,renomear,dados-v2.0.0
media_densidade_telefonia_movel_anual_capital,anatel_tm_densidade_media_anual_capital_uf,08_energia_internet,"Idem: _capital = capital da UF, nao per capita",,renomear,dados-v2.0.0
prop_densidade_telefonia_movel_rel_capital,anatel_tm_densidade_sobre_capital_uf_prop,08_energia_internet,Mesma inconsistencia de escala (telefonia.R:74 vs energia_internet.R:29),,renomear,dados-v2.0.0
domicilios_atendidos_lpt_ano,lpt_domicilios_atendidos_i,08_energia_internet,Sufixo '_ano' ambiguo (e o fluxo do ano) num painel cuja chave ja e ano,,renomear,dados-v2.0.0
domicilios_atendidos_lpt_2004_2020,lpt_domicilios_atendidos_acumulado_i,08_energia_internet,Faixa de anos embutida no nome da coluna,,renomear,dados-v2.0.0
media_ideb,ideb_nota_media_municipio,09_educacao,"Media NAO PONDERADA de todas as linhas do municipio, incluindo as tres redes; convive com media_ideb_rede_* sem hierarquia explicita no nome",,renomear,dados-v2.0.0
media_saeb,ideb_nota_saeb_padronizada_media,09_educacao,"Atribui a fonte SAEB a um dado que vem da coluna nota_saeb_media_padronizada da tabela do IDEB (mesma familia: _fundamental, _medio, _anos_finais, _anos_iniciais, _rede_*)",,renomear,dados-v2.0.0
media_projecao,ideb_meta_projetada_media,09_educacao,"'projecao' de que indicador nao esta no nome: e a META do IDEB (mesma familia: _fundamental, _medio, _anos_finais, _anos_iniciais, _rede_*)",,renomear,dados-v2.0.0
media_ideb_anos_finais,ideb_nota_media_ef_anos_finais,09_educacao,"'anos' aqui significa SERIES escolares, no meio de uma base cuja chave temporal tambem se chama ano",,renomear,dados-v2.0.0
media_ideb_anos_iniciais,ideb_nota_media_ef_anos_iniciais,09_educacao,Idem; e um recorte que se SOBREPOE a media_ideb_fundamental sem prefixo que indique o eixo de corte,,renomear,dados-v2.0.0
ano_ideb,ano_ref_ideb,09_educacao,"Ano da EDICAO da avaliacao (impares 2005-2023, numeric) convivendo com ano do painel (character); nada no nome indica que e a chave que distingue medicao de valor replicado",,renomear,dados-v2.0.0
total_institucoes,censup_instituicoes_ensino_superior_i,09_educacao,"ERRO DE DIGITACAO publicado (falta o 'i' de instituicoes) enquanto as nove colunas irmas escrevem certo; origem censo_educacao_superior.R:53, congelado em renomear_variaveis.R:93",,renomear,dados-v2.0.0
total_instituicoes_federais,censup_ies_federais_i,09_educacao,"'instituicoes' de que nao esta no nome (sao IES do Censo da Educacao Superior); prefixo total_ generico. Mesma familia: _estaduais, _municipais, _especial, _privada_com_fins_lucrativos, _privada_sem_f",,renomear,dados-v2.0.0
cobertura_total,pni_cobertura_vacinal_agregada_pct,10_saude,"'total' de que: e a cobertura vacinal agregada do SI-PNI, mas o nome sugere cobertura de servico de saude",,renomear,dados-v2.0.0
cobertura_haemophilus_influenza_b,pni_cobertura_haemophilus_influenzae_b_pct,10_saude,"Grafia incorreta do agente (o correto e Haemophilus influenzae tipo b); Imunizacoes/imunizacoes.R:31, congelado em renomear_variaveis.R:99",,renomear,dados-v2.0.0
cobertura_poliomielite_4anos,pni_cobertura_poliomielite_reforco_4a_pct,10_saude,Idade embutida no meio do nome sem separador semantico,,renomear,dados-v2.0.0
cobertura_triplice_viral_d1,pni_cobertura_triplice_viral_dose1_pct,10_saude,"Sufixos d1/d2 nao explicados (1a e 2a dose), enquanto o par do IEPS usa 'tvd1'",,renomear,dados-v2.0.0
proporcao_cobertura_estrategia_saude_familia,cobertura_esf_pct,10_saude,"Prefixo 'proporcao' com escala 0-100 (mediana 99,52, max 100); e uma das colunas consumidas por scripts/artigo",,renomear,dados-v2.0.0
proporcao_cobertura_total_atencao_basica,cobertura_atencao_basica_pct,10_saude,Mesma inconsistencia: 'proporcao' com escala 0-100 (mediana 100),,renomear,dados-v2.0.0
cob_ab,ieps_cobertura_atencao_basica_pct,10_saude,"Abreviacao criptica sem prefixo de fonte (IEPS); redundante com proporcao_cobertura_total_atencao_basica (correlacao 0,916). E uma das colunas consumidas por scripts/artigo",,renomear,dados-v2.0.0
cob_acs,ieps_cobertura_acs_pct,10_saude,Abreviacao criptica (agentes comunitarios de saude) sem prefixo de fonte,,renomear,dados-v2.0.0
cob_esf,ieps_cobertura_esf_pct,10_saude,"Abreviacao criptica; redundante com proporcao_cobertura_estrategia_saude_familia (correlacao 0,940)",,renomear,dados-v2.0.0
cob_vac_hepb,ieps_cobertura_hepatite_b_ate_30d_pct,10_saude,"O nome sugere hepatite B em geral, mas o codebook define 'cobertura em criancas ate 30 dias'; correlacao 0,061 com cobertura_hepatite_b",,renomear,dados-v2.0.0
tx_mort,ieps_taxa_mortalidade_p100k,10_saude,Prefixo tx_ sem unidade no nome (e por 100 mil hab.); compete com total_mortalidade da dim 14,,renomear,dados-v2.0.0
tx_mort_csap,ieps_taxa_mortalidade_csap_p100k,10_saude,Sigla CSAP (condicoes sensiveis a atencao primaria) nao expandida e sem unidade; e uma das colunas consumidas por scripts/artigo,,renomear,dados-v2.0.0
tx_mort_evit,ieps_taxa_mortalidade_evitavel_p100k,10_saude,Abreviacao 'evit' (evitavel) e sem unidade,,renomear,dados-v2.0.0
pct_mort_maldef,ieps_obitos_causas_mal_definidas_pct,10_saude,Abreviacao 'maldef' (causas mal definidas),,renomear,dados-v2.0.0
tx_mort_csap_aj_cens,ieps_taxa_mortalidade_csap_padronizada_censo_p100k,10_saude,'aj_cens' = padronizada pela estrutura etaria censitaria; sem unidade. E uma das colunas consumidas por scripts/artigo,,renomear,dados-v2.0.0
tx_hosp,ieps_taxa_hospitalizacao_p100k,10_saude,Sem unidade no nome; e uma das colunas consumidas por scripts/artigo,,renomear,dados-v2.0.0
tx_hosp_csap,ieps_taxa_hospitalizacao_csap_p100k,10_saude,Sigla CSAP nao expandida e sem unidade,,renomear,dados-v2.0.0
cob_priv,ieps_cobertura_plano_privado_pct,10_saude,Abreviacao criptica; e cobertura de PLANO PRIVADO e se confunde facilmente com cobertura publica,,renomear,dados-v2.0.0
pct_desp_recp_saude_mun,ieps_despesa_saude_sobre_receita_propria_pct,10_saude,"Tres abreviacoes empilhadas ('desp', 'recp' = receita propria, 'mun'); colide conceitualmente com a dimensao 6 (SICONFI)",,renomear,dados-v2.0.0
gasto_pbf_pc_def,gasto_bolsa_familia_per_capita_brl2023,10_saude,Conceitualmente pertence a assistencia social e nao a saude; '_def' esconde a base de deflacao; sigla PBF nao expandida. E uma das colunas consumidas por scripts/artigo,,renomear,dados-v2.0.0
ano_inicio,ano_inicio_tarifa_zero,11_transportes,'inicio' de que nao esta no nome; generico o bastante para colidir com qualquer marco temporal de politica. So 106 linhas nao-NA,,renomear,dados-v2.0.0
comprometimento_renda_domesticas_negras,comprometimento_tarifa_sobre_renda_domesticas_negras_prop,11_transportes,Sem escala no nome (fracao 0-1),,renomear,dados-v2.0.0
comprometimento_salario_minimo,comprometimento_tarifa_sobre_salario_minimo_prop,11_transportes,Sem 'renda' e sem escala no nome (fracao 0-1); denominador so no nome parcialmente,,renomear,dados-v2.0.0
tarifas,tarifa_onibus_urbano_brl2023,11_transportes,"Plural generico, sem unidade (R$), sem dizer que e passagem de onibus urbano e sem marca de deflacao - e o MESMO NOME em duas escalas (nominal x 12/2023)",,renomear,dados-v2.0.0
qtd_uh,mcmv_unidades_contratadas_i,12_habitacao,"Sigla 'uh' (unidades habitacionais) opaca, sem prefixo de fonte nem de programa (MCMV/FGTS)",,renomear,dados-v2.0.0
qtd_uh_entregues,mcmv_unidades_entregues_coorte_i,12_habitacao,Nao diz se sao entregues acumuladas ou no ano; na pratica e a soma dos contratos assinados no ano (entregues de coorte),,renomear,dados-v2.0.0
qtd_uh_vigentes,mcmv_unidades_vigentes_em_20240930_i,12_habitacao,'vigente' e um ESTOQUE medido na data_referencia (30/09/2024) imputado ao ano de assinatura - estoque tratado como fluxo,,renomear,dados-v2.0.0
qtd_uh_distratadas,mcmv_unidades_distratadas_em_20240930_i,12_habitacao,Mesmo problema de estoque-vs-fluxo,,renomear,dados-v2.0.0
val_contratado,mcmv_valor_contratado_brl2023,12_habitacao,"Nome generico de valor monetario, sem fonte, sem programa e sem sufixo _def apesar de deflacionado para 12/2023 (habitacao.R:60-61); convive com 22 colunas valor_emendas_* que sao outro universo",,renomear,dados-v2.0.0
val_desembolsado,mcmv_valor_desembolsado_brl2023,12_habitacao,Idem; e a coluna mais afetada pelo bug de escala 100x,,renomear,dados-v2.0.0
total_mortalidade,sim_obitos_totais_i,13_seguranca,Prefixo total_ generico; nao indica a fonte (SIM) nem a granularidade (ocorrencia x residencia),,renomear,dados-v2.0.0
total_mortalidade_homicidio,sim_obitos_homicidio_i,13_seguranca,"Sem fonte no nome; sugere equivalencia com quantidade_homicidio_doloso (FBSP), que tem definicao, cobertura e periodo diferentes",,renomear,dados-v2.0.0
total_mortalidade_alcool,sim_obitos_causa_alcool_i,13_seguranca,"Sem fonte; e obito com causa basica F10, colocado lado a lado com quantidade_posse_uso_entorpecente (ocorrencia policial) sem distincao",,renomear,dados-v2.0.0
total_mortalidade_domicilio,sim_obitos_ocorridos_no_domicilio_i,13_seguranca,"'_domicilio' designa local de OCORRENCIA do obito, mas se le como municipio de residencia (36 colunas da familia usam esse sufixo)",,renomear,dados-v2.0.0
quantidade_feminicidio,fbsp_feminicidio_i,13_seguranca,"Sem fonte; sugere equivalencia com total_mortalidade_homicidio_feminino (SIM), que e outro universo",,renomear,dados-v2.0.0
quantidade_morte_policiais_civis_confronto_em_servico,fbsp_mortes_policiais_civis_confronto_em_servico_i,13_seguranca,"'morte' no SINGULAR contra 'mortes' em todas as irmas (mesma familia: _civis_fora_de_servico, _militares_confronto_em_servico, _militares_fora_de_servico)",,renomear,dados-v2.0.0
quantidade_mortes_policiais_confronto,fbsp_mortes_policiais_agregado_i,13_seguranca,Mesmo problema de agregado convivendo com partes,,renomear,dados-v2.0.0
quantidade_mortes_intervencao_policial,fbsp_mortes_intervencao_policial_agregado_i,13_seguranca,Agregado convivendo com as quatro partes (civil/militar x em servico/fora de servico) sem indicacao de que somar as partes duplica o agregado,,renomear,dados-v2.0.0
quantidade_roubo_furto_veiculos,fbsp_roubo_e_furto_veiculos_agregado_i,13_seguranca,Nao deixa claro se e roubo+furto somados ou uma terceira categoria; convive com quantidade_roubo_veiculos e quantidade_furto_veiculos,,renomear,dados-v2.0.0
proporcao_mortes_intenvencao_policial_x_mortes_violentas_intencionais,fbsp_mortes_intervencao_policial_sobre_mvi_prop,13_seguranca,"ERRO DE DIGITACAO publicado ('intenvencao' em vez de 'intervencao'), alem de 'x' como separador de razao; anuario.R:35 e renomear_variaveis.R:144",,renomear,dados-v2.0.0
quantidade_posse_ilegal_porte_ilegal_arma_de_fogo,fbsp_posse_e_porte_ilegal_arma_agregado_i,13_seguranca,Mesma ambiguidade agregado-vs-categoria; convive com as duas partes,,renomear,dados-v2.0.0
grupo,fbsp_grupo_municipio_cat,13_seguranca,"PUBLICADO como coluna 399 com nome maximamente generico; e a classificacao Grupo 1..4 do FBSP, sem definicao em lugar nenhum, e colide com o 'grupo' (vulneravel) do Disque 100",,renomear,dados-v2.0.0
quantidade_homicidio_doloso,fbsp_homicidio_doloso_i,13_seguranca,"Declarada STRING no dicionario apesar de ser contagem; cobertura restrita (27 capitais, 2016-2021) invisivel no nome",,renomear,dados-v2.0.0
total_acao,cgu_constatacoes_i,14_corrupcao,"Nome generico E semanticamente errado: conta CONSTATACOES, nao acoes; alem disso 'acao' e o nome de outra coluna do proprio bruto (cgu$acao = acao orcamentaria)",,renomear,dados-v2.0.0
total_falhas_graves,cgu_constatacoes_falha_grave_i,14_corrupcao,Sem prefixo de fonte; 'falha grave' e vocabulario interno da CGU nao definido na base,,renomear,dados-v2.0.0
montante_fiscalizado,cgu_montante_fiscalizado_brl2023,14_corrupcao,"Sem prefixo, sem unidade e sem indicacao de que esta deflacionado a 12/2023",,renomear,dados-v2.0.0
montante_fiscalizado_falha_grave,cgu_montante_fiscalizado_com_falha_grave_brl2023,14_corrupcao,"Ambiguo entre 'montante fiscalizado onde houve falha grave' e 'montante da falha grave' - e o primeiro, com dupla contagem",,renomear,dados-v2.0.0
prop_falhas_graves,cgu_constatacoes_falha_grave_sobre_total_prop,14_corrupcao,"Nao diz o denominador (constatacoes, incluindo as do tipo 'Informacao'); sem sufixo de escala",,renomear,dados-v2.0.0
montante_falhas_graves,cgu_montante_falha_grave_sobre_fiscalizado_prop,14_corrupcao,"O NOME MENTE: prefixo montante_ sugere valor monetario, mas o conteudo e uma PROPORCAO 0-1 (cgu.R:23). Congelado na base publicada, posicao 406 de renomear_variaveis.R:149",,renomear,dados-v2.0.0
ln.pc.receita1920.sd,ln_receita_per_capita_1920_z,15_dados_historicos,"PONTOS como separador, abreviacoes nao explicadas (pc = per capita, sd = padronizado) e ano colado; sobrevive intacto ate a base publicada (renomear_variaveis.R:150)",,renomear,dados-v2.0.0
ln.admpub.1920.sd,ln_administracao_publica_1920_z,15_dados_historicos,Pontos; 'admpub' (administracao publica) nao explicado,,renomear,dados-v2.0.0
ln.forcapub.1920.sd,ln_forca_publica_1920_z,15_dados_historicos,Pontos; 'forcapub' (forca publica) nao explicado,,renomear,dados-v2.0.0
ln.rail1920.sd,ln_ferrovia_1920_z,15_dados_historicos,"Pontos, termo em INGLES (rail) no meio de uma base em portugues e ano colado",,renomear,dados-v2.0.0
amc1920,id_amc_1920,15_dados_historicos,"Sem separador entre conceito e ano, sem prefixo id_; e chave estrangeira para uma malha (952 AMCs, formato '17AMC2097003') que nao existe em nenhuma outra tabela da base",,renomear,dados-v2.0.0
ln.dist.coast.sd,ln_distancia_litoral_km_z,15_dados_historicos,"Pontos e termos em ingles (dist, coast); sem unidade da distancia",,renomear,dados-v2.0.0
ln.dist.capital.sd,ln_distancia_capital_estadual_km_z,15_dados_historicos,Pontos e termos em ingles; nao diz se e capital estadual ou federal,,renomear,dados-v2.0.0
estimativa_ano_fundacao,ano_fundacao_estimado,15_dados_historicos,Colide semanticamente com a coluna 'ano' da chave do painel; e a segunda coluna de ano com significado incompativel na base larga,,renomear,dados-v2.0.0
proporcao_comparecimento_prefeitura,comparecimento_prefeito_pct,16_eleicoes,"Prefixo 'proporcao' com escala 0-100 (16,56 a 99,37) e sufixo de cargo divergente. E uma das colunas consumidas por scripts/artigo",,renomear,dados-v2.0.0
proporcao_votos_nulos_prefeitura,proporcao_votos_brancos_prefeito_pct,16_eleicoes,"O NOME NAO CORRESPONDE AO CONTEUDO: contem votos BRANCOS (mediana 1,264), efeito do rename duplicado em eleicoes_municipais.R:337-338. Publicado assim",,renomear,dados-v2.0.0
proporcao_votos_nulos,proporcao_votos_nulos_prefeito_pct,16_eleicoes,"Unica coluna da dimensao sem sufixo de cargo (e do pleito de prefeito) e carrega o conteudo trocado com a coluna anterior (mediana 4,455 = nulos)",,renomear,dados-v2.0.0
proporcao_comparecimento_camara_vereadores,comparecimento_camara_pct,16_eleicoes,Mesma inconsistencia de escala (0-100 sob prefixo 'proporcao'). E uma das colunas consumidas por scripts/artigo,,renomear,dados-v2.0.0
prefeito_eleito,nome_urna_prefeito_eleito,16_eleicoes,"Guarda NM_URNA_CANDIDATO (nome de urna), nao o nome civil; o dicionario diz apenas 'Nome do prefeito eleito'",,renomear,dados-v2.0.0
partido,sigla_partido_prefeito_eleito,16_eleicoes,"Generico: e o partido do PREFEITO eleito, mas nada no nome diz isso; colide com partido_segundo_colocado e sg_partido_governador_eleito",,renomear,dados-v2.0.0
numero_partido,numero_tse_partido_prefeito_eleito,16_eleicoes,E o codigo TSE do partido do prefeito; o tipo integer sugere quantidade e o nome nao distingue de numero_segundo_colocado,,renomear,dados-v2.0.0
pct_votos_eleito,votos_prefeito_eleito_prop,16_eleicoes,"Sem sufixo de cargo e prefixo pct_ com escala 0-1 (0. Funcoes.Rmd:87), enquanto pct_votos_governador_* esta em 0-100",,renomear,dados-v2.0.0
numero_segundo_colocado,numero_tse_partido_segundo_colocado,16_eleicoes,"Idem: codigo TSE tipado como integer, nome sugere quantidade",,renomear,dados-v2.0.0
pct_votos_segundo_colocado,votos_segundo_colocado_prefeito_prop,16_eleicoes,"Mesmo defeito: pct_ em escala 0-1, sem cargo",,renomear,dados-v2.0.0
sg_partido_governador_segundo_lugar,sigla_partido_governador_segundo_colocado,16_eleicoes,'segundo_lugar' contra 'segundo_colocado' para o mesmo conceito na MESMA tabela; prefixo sg_ do TSE preservado,,renomear,dados-v2.0.0
pct_votos_governador_eleito,votos_governador_eleito_pct,16_eleicoes,"Prefixo pct_ em escala 0-100 (0. Funcoes.Rmd:317), contradizendo pct_votos_eleito no mesmo painel",,renomear,dados-v2.0.0
alinhado_partido_governador,flag_alinhamento_partidario_governador,16_eleicoes,Flag sem prefixo de tipo; a variante documentada alinhado_coalizao_governador e calculada (2.Criando:152-156) e nunca chega a base,,renomear,dados-v2.0.0
total_pessoas_afetadas_climatologicos,s2id_pessoas_afetadas_climatologicos_i,03_meio_ambiente,"prefixo generico banido (secao 6.1 do plano): total_/quantidade_ nao dizem de que e o total, e a base tinha colunas de fontes diferentes com nomes indistinguiveis",2026-07-26,,
total_danos_materiais_climatologicos,s2id_danos_materiais_climatologicos_brl2023,03_meio_ambiente,"prefixo generico banido (secao 6.1 do plano): total_/quantidade_ nao dizem de que e o total, e a base tinha colunas de fontes diferentes com nomes indistinguiveis",2026-07-26,,
total_prejuizos_publicos_climatologicos,s2id_prejuizos_publicos_climatologicos_brl2023,03_meio_ambiente,"prefixo generico banido (secao 6.1 do plano): total_/quantidade_ nao dizem de que e o total, e a base tinha colunas de fontes diferentes com nomes indistinguiveis",2026-07-26,,
total_prejuizos_privados_climatologicos,s2id_prejuizos_privados_climatologicos_brl2023,03_meio_ambiente,"prefixo generico banido (secao 6.1 do plano): total_/quantidade_ nao dizem de que e o total, e a base tinha colunas de fontes diferentes com nomes indistinguiveis",2026-07-26,,
total_pessoas_afetadas_hidrologicos,s2id_pessoas_afetadas_hidrologicos_i,03_meio_ambiente,"prefixo generico banido (secao 6.1 do plano): total_/quantidade_ nao dizem de que e o total, e a base tinha colunas de fontes diferentes com nomes indistinguiveis",2026-07-26,,
total_danos_materiais_hidrologicos,s2id_danos_materiais_hidrologicos_brl2023,03_meio_ambiente,"prefixo generico banido (secao 6.1 do plano): total_/quantidade_ nao dizem de que e o total, e a base tinha colunas de fontes diferentes com nomes indistinguiveis",2026-07-26,,
total_prejuizos_publicos_hidrologicos,s2id_prejuizos_publicos_hidrologicos_brl2023,03_meio_ambiente,"prefixo generico banido (secao 6.1 do plano): total_/quantidade_ nao dizem de que e o total, e a base tinha colunas de fontes diferentes com nomes indistinguiveis",2026-07-26,,
total_prejuizos_privados_hidrologicos,s2id_prejuizos_privados_hidrologicos_brl2023,03_meio_ambiente,"prefixo generico banido (secao 6.1 do plano): total_/quantidade_ nao dizem de que e o total, e a base tinha colunas de fontes diferentes com nomes indistinguiveis",2026-07-26,,
total_pessoas_afetadas_meteorologicos,s2id_pessoas_afetadas_meteorologicos_i,03_meio_ambiente,"prefixo generico banido (secao 6.1 do plano): total_/quantidade_ nao dizem de que e o total, e a base tinha colunas de fontes diferentes com nomes indistinguiveis",2026-07-26,,
total_danos_materiais_meteorologicos,s2id_danos_materiais_meteorologicos_brl2023,03_meio_ambiente,"prefixo generico banido (secao 6.1 do plano): total_/quantidade_ nao dizem de que e o total, e a base tinha colunas de fontes diferentes com nomes indistinguiveis",2026-07-26,,
total_prejuizos_publicos_meteorologicos,s2id_prejuizos_publicos_meteorologicos_brl2023,03_meio_ambiente,"prefixo generico banido (secao 6.1 do plano): total_/quantidade_ nao dizem de que e o total, e a base tinha colunas de fontes diferentes com nomes indistinguiveis",2026-07-26,,
total_prejuizos_privados_meteorologicos,s2id_prejuizos_privados_meteorologicos_brl2023,03_meio_ambiente,"prefixo generico banido (secao 6.1 do plano): total_/quantidade_ nao dizem de que e o total, e a base tinha colunas de fontes diferentes com nomes indistinguiveis",2026-07-26,,
total_pessoas_afetadas_outros,s2id_pessoas_afetadas_outros_i,03_meio_ambiente,"prefixo generico banido (secao 6.1 do plano): total_/quantidade_ nao dizem de que e o total, e a base tinha colunas de fontes diferentes com nomes indistinguiveis",2026-07-26,,
total_danos_materiais_outros,s2id_danos_materiais_outros_brl2023,03_meio_ambiente,"prefixo generico banido (secao 6.1 do plano): total_/quantidade_ nao dizem de que e o total, e a base tinha colunas de fontes diferentes com nomes indistinguiveis",2026-07-26,,
total_prejuizos_publicos_outros,s2id_prejuizos_publicos_outros_brl2023,03_meio_ambiente,"prefixo generico banido (secao 6.1 do plano): total_/quantidade_ nao dizem de que e o total, e a base tinha colunas de fontes diferentes com nomes indistinguiveis",2026-07-26,,
total_prejuizos_privados_outros,s2id_prejuizos_privados_outros_brl2023,03_meio_ambiente,"prefixo generico banido (secao 6.1 do plano): total_/quantidade_ nao dizem de que e o total, e a base tinha colunas de fontes diferentes com nomes indistinguiveis",2026-07-26,,
total_receitas,siconfi_receitas_totais_brl2023,06_financas,"prefixo generico banido (secao 6.1 do plano): total_/quantidade_ nao dizem de que e o total, e a base tinha colunas de fontes diferentes com nomes indistinguiveis",2026-07-26,,
total_instituicoes_estaduais,censup_ies_estaduais_i,09_educacao,"prefixo generico banido (secao 6.1 do plano): total_/quantidade_ nao dizem de que e o total, e a base tinha colunas de fontes diferentes com nomes indistinguiveis",2026-07-26,,
total_instituicoes_municipais,censup_ies_municipais_i,09_educacao,"prefixo generico banido (secao 6.1 do plano): total_/quantidade_ nao dizem de que e o total, e a base tinha colunas de fontes diferentes com nomes indistinguiveis",2026-07-26,,
total_instituicoes_privada_com_fins_lucrativos,censup_ies_privadas_com_fins_lucrativos_i,09_educacao,"prefixo generico banido (secao 6.1 do plano): total_/quantidade_ nao dizem de que e o total, e a base tinha colunas de fontes diferentes com nomes indistinguiveis",2026-07-26,,
total_instituicoes_privada_sem_fins_lucrativos,censup_ies_privadas_sem_fins_lucrativos_i,09_educacao,"prefixo generico banido (secao 6.1 do plano): total_/quantidade_ nao dizem de que e o total, e a base tinha colunas de fontes diferentes com nomes indistinguiveis",2026-07-26,,
total_instituicoes_privada_particular,censup_ies_privadas_particulares_i,09_educacao,"prefixo generico banido (secao 6.1 do plano): total_/quantidade_ nao dizem de que e o total, e a base tinha colunas de fontes diferentes com nomes indistinguiveis",2026-07-26,,
total_instituicoes_especial,censup_ies_especiais_i,09_educacao,"prefixo generico banido (secao 6.1 do plano): total_/quantidade_ nao dizem de que e o total, e a base tinha colunas de fontes diferentes com nomes indistinguiveis",2026-07-26,,
total_instituicoes_privada_comunitaria,censup_ies_privadas_comunitarias_i,09_educacao,"prefixo generico banido (secao 6.1 do plano): total_/quantidade_ nao dizem de que e o total, e a base tinha colunas de fontes diferentes com nomes indistinguiveis",2026-07-26,,
total_instituicoes_privada_confessional,censup_ies_privadas_confessionais_i,09_educacao,"prefixo generico banido (secao 6.1 do plano): total_/quantidade_ nao dizem de que e o total, e a base tinha colunas de fontes diferentes com nomes indistinguiveis",2026-07-26,,
total_mortalidade_feminino,sim_obitos_feminino_i,13_seguranca,"prefixo generico banido (secao 6.1 do plano): total_/quantidade_ nao dizem de que e o total, e a base tinha colunas de fontes diferentes com nomes indistinguiveis",2026-07-26,,
total_mortalidade_masculino,sim_obitos_masculino_i,13_seguranca,"prefixo generico banido (secao 6.1 do plano): total_/quantidade_ nao dizem de que e o total, e a base tinha colunas de fontes diferentes com nomes indistinguiveis",2026-07-26,,
total_mortalidade_homicidio_feminino,sim_obitos_homicidio_feminino_i,13_seguranca,"prefixo generico banido (secao 6.1 do plano): total_/quantidade_ nao dizem de que e o total, e a base tinha colunas de fontes diferentes com nomes indistinguiveis",2026-07-26,,
total_mortalidade_homicidio_masculino,sim_obitos_homicidio_masculino_i,13_seguranca,"prefixo generico banido (secao 6.1 do plano): total_/quantidade_ nao dizem de que e o total, e a base tinha colunas de fontes diferentes com nomes indistinguiveis",2026-07-26,,
total_mortalidade_alcool_feminino,sim_obitos_alcool_feminino_i,13_seguranca,"prefixo generico banido (secao 6.1 do plano): total_/quantidade_ nao dizem de que e o total, e a base tinha colunas de fontes diferentes com nomes indistinguiveis",2026-07-26,,
total_mortalidade_alcool_masculino,sim_obitos_alcool_masculino_i,13_seguranca,"prefixo generico banido (secao 6.1 do plano): total_/quantidade_ nao dizem de que e o total, e a base tinha colunas de fontes diferentes com nomes indistinguiveis",2026-07-26,,
total_mortalidade_branca,sim_obitos_branca_i,13_seguranca,"prefixo generico banido (secao 6.1 do plano): total_/quantidade_ nao dizem de que e o total, e a base tinha colunas de fontes diferentes com nomes indistinguiveis",2026-07-26,,
total_mortalidade_preta,sim_obitos_preta_i,13_seguranca,"prefixo generico banido (secao 6.1 do plano): total_/quantidade_ nao dizem de que e o total, e a base tinha colunas de fontes diferentes com nomes indistinguiveis",2026-07-26,,
total_mortalidade_parda,sim_obitos_parda_i,13_seguranca,"prefixo generico banido (secao 6.1 do plano): total_/quantidade_ nao dizem de que e o total, e a base tinha colunas de fontes diferentes com nomes indistinguiveis",2026-07-26,,
total_mortalidade_amarela,sim_obitos_amarela_i,13_seguranca,"prefixo generico banido (secao 6.1 do plano): total_/quantidade_ nao dizem de que e o total, e a base tinha colunas de fontes diferentes com nomes indistinguiveis",2026-07-26,,
total_mortalidade_indigena,sim_obitos_indigena_i,13_seguranca,"prefixo generico banido (secao 6.1 do plano): total_/quantidade_ nao dizem de que e o total, e a base tinha colunas de fontes diferentes com nomes indistinguiveis",2026-07-26,,
total_mortalidade_preta_feminino,sim_obitos_preta_feminino_i,13_seguranca,"prefixo generico banido (secao 6.1 do plano): total_/quantidade_ nao dizem de que e o total, e a base tinha colunas de fontes diferentes com nomes indistinguiveis",2026-07-26,,
total_mortalidade_parda_feminino,sim_obitos_parda_feminino_i,13_seguranca,"prefixo generico banido (secao 6.1 do plano): total_/quantidade_ nao dizem de que e o total, e a base tinha colunas de fontes diferentes com nomes indistinguiveis",2026-07-26,,
total_mortalidade_branca_feminino,sim_obitos_branca_feminino_i,13_seguranca,"prefixo generico banido (secao 6.1 do plano): total_/quantidade_ nao dizem de que e o total, e a base tinha colunas de fontes diferentes com nomes indistinguiveis",2026-07-26,,
total_mortalidade_amarela_feminino,sim_obitos_amarela_feminino_i,13_seguranca,"prefixo generico banido (secao 6.1 do plano): total_/quantidade_ nao dizem de que e o total, e a base tinha colunas de fontes diferentes com nomes indistinguiveis",2026-07-26,,
total_mortalidade_indigena_feminino,sim_obitos_indigena_feminino_i,13_seguranca,"prefixo generico banido (secao 6.1 do plano): total_/quantidade_ nao dizem de que e o total, e a base tinha colunas de fontes diferentes com nomes indistinguiveis",2026-07-26,,
total_mortalidade_homicidio_branca,sim_obitos_homicidio_branca_i,13_seguranca,"prefixo generico banido (secao 6.1 do plano): total_/quantidade_ nao dizem de que e o total, e a base tinha colunas de fontes diferentes com nomes indistinguiveis",2026-07-26,,
total_mortalidade_homicidio_preta,sim_obitos_homicidio_preta_i,13_seguranca,"prefixo generico banido (secao 6.1 do plano): total_/quantidade_ nao dizem de que e o total, e a base tinha colunas de fontes diferentes com nomes indistinguiveis",2026-07-26,,
total_mortalidade_homicidio_parda,sim_obitos_homicidio_parda_i,13_seguranca,"prefixo generico banido (secao 6.1 do plano): total_/quantidade_ nao dizem de que e o total, e a base tinha colunas de fontes diferentes com nomes indistinguiveis",2026-07-26,,
total_mortalidade_homicidio_amarela,sim_obitos_homicidio_amarela_i,13_seguranca,"prefixo generico banido (secao 6.1 do plano): total_/quantidade_ nao dizem de que e o total, e a base tinha colunas de fontes diferentes com nomes indistinguiveis",2026-07-26,,
total_mortalidade_homicidio_indigena,sim_obitos_homicidio_indigena_i,13_seguranca,"prefixo generico banido (secao 6.1 do plano): total_/quantidade_ nao dizem de que e o total, e a base tinha colunas de fontes diferentes com nomes indistinguiveis",2026-07-26,,
total_mortalidade_homicidio_domicilio,sim_obitos_homicidio_domicilio_i,13_seguranca,"prefixo generico banido (secao 6.1 do plano): total_/quantidade_ nao dizem de que e o total, e a base tinha colunas de fontes diferentes com nomes indistinguiveis",2026-07-26,,
total_mortalidade_alcool_domicilio,sim_obitos_alcool_domicilio_i,13_seguranca,"prefixo generico banido (secao 6.1 do plano): total_/quantidade_ nao dizem de que e o total, e a base tinha colunas de fontes diferentes com nomes indistinguiveis",2026-07-26,,
total_mortalidade_homicidio_feminino_domicilio,sim_obitos_homicidio_feminino_domicilio_i,13_seguranca,"prefixo generico banido (secao 6.1 do plano): total_/quantidade_ nao dizem de que e o total, e a base tinha colunas de fontes diferentes com nomes indistinguiveis",2026-07-26,,
total_mortalidade_homicidio_masculino_domicilio,sim_obitos_homicidio_masculino_domicilio_i,13_seguranca,"prefixo generico banido (secao 6.1 do plano): total_/quantidade_ nao dizem de que e o total, e a base tinha colunas de fontes diferentes com nomes indistinguiveis",2026-07-26,,
total_mortalidade_alcool_feminino_domicilio,sim_obitos_alcool_feminino_domicilio_i,13_seguranca,"prefixo generico banido (secao 6.1 do plano): total_/quantidade_ nao dizem de que e o total, e a base tinha colunas de fontes diferentes com nomes indistinguiveis",2026-07-26,,
total_mortalidade_alcool_masculino_domicilio,sim_obitos_alcool_masculino_domicilio_i,13_seguranca,"prefixo generico banido (secao 6.1 do plano): total_/quantidade_ nao dizem de que e o total, e a base tinha colunas de fontes diferentes com nomes indistinguiveis",2026-07-26,,
total_mortalidade_homicidio_branca_domicilio,sim_obitos_homicidio_branca_domicilio_i,13_seguranca,"prefixo generico banido (secao 6.1 do plano): total_/quantidade_ nao dizem de que e o total, e a base tinha colunas de fontes diferentes com nomes indistinguiveis",2026-07-26,,
total_mortalidade_homicidio_preta_domicilio,sim_obitos_homicidio_preta_domicilio_i,13_seguranca,"prefixo generico banido (secao 6.1 do plano): total_/quantidade_ nao dizem de que e o total, e a base tinha colunas de fontes diferentes com nomes indistinguiveis",2026-07-26,,
total_mortalidade_homicidio_parda_domicilio,sim_obitos_homicidio_parda_domicilio_i,13_seguranca,"prefixo generico banido (secao 6.1 do plano): total_/quantidade_ nao dizem de que e o total, e a base tinha colunas de fontes diferentes com nomes indistinguiveis",2026-07-26,,
total_mortalidade_homicidio_amarela_domicilio,sim_obitos_homicidio_amarela_domicilio_i,13_seguranca,"prefixo generico banido (secao 6.1 do plano): total_/quantidade_ nao dizem de que e o total, e a base tinha colunas de fontes diferentes com nomes indistinguiveis",2026-07-26,,
total_mortalidade_homicidio_indigena_domicilio,sim_obitos_homicidio_indigena_domicilio_i,13_seguranca,"prefixo generico banido (secao 6.1 do plano): total_/quantidade_ nao dizem de que e o total, e a base tinha colunas de fontes diferentes com nomes indistinguiveis",2026-07-26,,
quantidade_mortes_intervencao_policial_civil_fora_de_servico,fbsp_mortes_intervencao_policial_civil_fora_de_servico_i,13_seguranca,"prefixo generico banido (secao 6.1 do plano): total_/quantidade_ nao dizem de que e o total, e a base tinha colunas de fontes diferentes com nomes indistinguiveis",2026-07-26,,
quantidade_mortes_intervencao_policial_militar_fora_de_servico,fbsp_mortes_intervencao_policial_militar_fora_de_servico_i,13_seguranca,"prefixo generico banido (secao 6.1 do plano): total_/quantidade_ nao dizem de que e o total, e a base tinha colunas de fontes diferentes com nomes indistinguiveis",2026-07-26,,
quantidade_furto_veiculos,fbsp_furto_veiculos_i,13_seguranca,"prefixo generico banido (secao 6.1 do plano): total_/quantidade_ nao dizem de que e o total, e a base tinha colunas de fontes diferentes com nomes indistinguiveis",2026-07-26,,
quantidade_mortes_intervencao_policial_civil_em_servico,fbsp_mortes_intervencao_policial_civil_em_servico_i,13_seguranca,"prefixo generico banido (secao 6.1 do plano): total_/quantidade_ nao dizem de que e o total, e a base tinha colunas de fontes diferentes com nomes indistinguiveis",2026-07-26,,
quantidade_estupro,fbsp_estupro_i,13_seguranca,"prefixo generico banido (secao 6.1 do plano): total_/quantidade_ nao dizem de que e o total, e a base tinha colunas de fontes diferentes com nomes indistinguiveis",2026-07-26,,
quantidade_mortes_intervencao_policial_militar_em_servico,fbsp_mortes_intervencao_policial_militar_em_servico_i,13_seguranca,"prefixo generico banido (secao 6.1 do plano): total_/quantidade_ nao dizem de que e o total, e a base tinha colunas de fontes diferentes com nomes indistinguiveis",2026-07-26,,
quantidade_mortes_violentas_intencionais,fbsp_mortes_violentas_intencionais_i,13_seguranca,"prefixo generico banido (secao 6.1 do plano): total_/quantidade_ nao dizem de que e o total, e a base tinha colunas de fontes diferentes com nomes indistinguiveis",2026-07-26,,
quantidade_posse_uso_entorpecente,fbsp_posse_uso_entorpecente_i,13_seguranca,"prefixo generico banido (secao 6.1 do plano): total_/quantidade_ nao dizem de que e o total, e a base tinha colunas de fontes diferentes com nomes indistinguiveis",2026-07-26,,
quantidade_morte_policiais_militares_fora_de_servico,fbsp_morte_policiais_militares_fora_de_servico_i,13_seguranca,"prefixo generico banido (secao 6.1 do plano): total_/quantidade_ nao dizem de que e o total, e a base tinha colunas de fontes diferentes com nomes indistinguiveis",2026-07-26,,
quantidade_morte_policiais_civis_fora_de_servico,fbsp_morte_policiais_civis_fora_de_servico_i,13_seguranca,"prefixo generico banido (secao 6.1 do plano): total_/quantidade_ nao dizem de que e o total, e a base tinha colunas de fontes diferentes com nomes indistinguiveis",2026-07-26,,
quantidade_latrocinio,fbsp_latrocinio_i,13_seguranca,"prefixo generico banido (secao 6.1 do plano): total_/quantidade_ nao dizem de que e o total, e a base tinha colunas de fontes diferentes com nomes indistinguiveis",2026-07-26,,
quantidade_porte_ilegal_arma_de_fogo,fbsp_porte_ilegal_arma_de_fogo_i,13_seguranca,"prefixo generico banido (secao 6.1 do plano): total_/quantidade_ nao dizem de que e o total, e a base tinha colunas de fontes diferentes com nomes indistinguiveis",2026-07-26,,
quantidade_posse_ilegal_arma_de_fogo,fbsp_posse_ilegal_arma_de_fogo_i,13_seguranca,"prefixo generico banido (secao 6.1 do plano): total_/quantidade_ nao dizem de que e o total, e a base tinha colunas de fontes diferentes com nomes indistinguiveis",2026-07-26,,
quantidade_lesao_corporal_dolosa_violencia_domestica,fbsp_lesao_corporal_dolosa_violencia_domestica_i,13_seguranca,"prefixo generico banido (secao 6.1 do plano): total_/quantidade_ nao dizem de que e o total, e a base tinha colunas de fontes diferentes com nomes indistinguiveis",2026-07-26,,
quantidade_trafico_entorpecente,fbsp_trafico_entorpecente_i,13_seguranca,"prefixo generico banido (secao 6.1 do plano): total_/quantidade_ nao dizem de que e o total, e a base tinha colunas de fontes diferentes com nomes indistinguiveis",2026-07-26,,
quantidade_roubo_veiculos,fbsp_roubo_veiculos_i,13_seguranca,"prefixo generico banido (secao 6.1 do plano): total_/quantidade_ nao dizem de que e o total, e a base tinha colunas de fontes diferentes com nomes indistinguiveis",2026-07-26,,
quantidade_lesao_corporal_morte,fbsp_lesao_corporal_morte_i,13_seguranca,"prefixo generico banido (secao 6.1 do plano): total_/quantidade_ nao dizem de que e o total, e a base tinha colunas de fontes diferentes com nomes indistinguiveis",2026-07-26,,
quantidade_morte_policiais_militares_confronto_em_servico,fbsp_morte_policiais_militares_confronto_em_servico_i,13_seguranca,"prefixo generico banido (secao 6.1 do plano): total_/quantidade_ nao dizem de que e o total, e a base tinha colunas de fontes diferentes com nomes indistinguiveis",2026-07-26,,
total_aptos_prefeitura,tse_eleitores_aptos_prefeitura_i,16_eleicoes,"prefixo generico banido (secao 6.1 do plano): total_/quantidade_ nao dizem de que e o total, e a base tinha colunas de fontes diferentes com nomes indistinguiveis",2026-07-26,,
total_comparecimento_prefeitura,tse_comparecimento_prefeitura_i,16_eleicoes,"prefixo generico banido (secao 6.1 do plano): total_/quantidade_ nao dizem de que e o total, e a base tinha colunas de fontes diferentes com nomes indistinguiveis",2026-07-26,,
total_aptos_camara_vereadores,tse_eleitores_aptos_camara_i,16_eleicoes,"prefixo generico banido (secao 6.1 do plano): total_/quantidade_ nao dizem de que e o total, e a base tinha colunas de fontes diferentes com nomes indistinguiveis",2026-07-26,,
total_comparecimento_camara_vereadores,tse_comparecimento_camara_i,16_eleicoes,"prefixo generico banido (secao 6.1 do plano): total_/quantidade_ nao dizem de que e o total, e a base tinha colunas de fontes diferentes com nomes indistinguiveis",2026-07-26,,
desmatado_total_cerrado,area_desmatada_bioma_cerrado_km2,03_meio_ambiente,sufixo do vocabulario fechado ausente ou abreviacao inventada (secao 6.1 do plano),2026-07-26,,
desmatado_total_mata_atlantica,area_desmatada_bioma_mata_atlantica_km2,03_meio_ambiente,sufixo do vocabulario fechado ausente ou abreviacao inventada (secao 6.1 do plano),2026-07-26,,
desmatado_total_pampa,area_desmatada_bioma_pampa_km2,03_meio_ambiente,sufixo do vocabulario fechado ausente ou abreviacao inventada (secao 6.1 do plano),2026-07-26,,
desmatado_total_pantanal,area_desmatada_bioma_pantanal_km2,03_meio_ambiente,sufixo do vocabulario fechado ausente ou abreviacao inventada (secao 6.1 do plano),2026-07-26,,
area_desmatada_municipio_km2_lag1,area_desmatada_municipio_lag1_km2,03_meio_ambiente,sufixo do vocabulario fechado ausente ou abreviacao inventada (secao 6.1 do plano),2026-07-26,,
capacidade_investimento_adaptacao,adapta_capacidade_investimento_idx,03_meio_ambiente,sufixo do vocabulario fechado ausente ou abreviacao inventada (secao 6.1 do plano),2026-07-26,,
capacidade_investimento_adaptacao_classe,adapta_capacidade_investimento_cat,03_meio_ambiente,sufixo do vocabulario fechado ausente ou abreviacao inventada (secao 6.1 do plano),2026-07-26,,
indice_capacidade_adaptacao_inundacoes_enxurradas,adapta_capacidade_adaptacao_inundacoes_idx,03_meio_ambiente,sufixo do vocabulario fechado ausente ou abreviacao inventada (secao 6.1 do plano),2026-07-26,,
indice_capacidade_adaptacao_inundacoes_enxurradas_classe,adapta_capacidade_adaptacao_inundacoes_cat,03_meio_ambiente,sufixo do vocabulario fechado ausente ou abreviacao inventada (secao 6.1 do plano),2026-07-26,,
indice_risco_inundacoes_enxurradas,adapta_risco_inundacoes_idx,03_meio_ambiente,sufixo do vocabulario fechado ausente ou abreviacao inventada (secao 6.1 do plano),2026-07-26,,
indice_risco_inundacoes_enxurradas_classe,adapta_risco_inundacoes_cat,03_meio_ambiente,sufixo do vocabulario fechado ausente ou abreviacao inventada (secao 6.1 do plano),2026-07-26,,
indice_vulnerabilidade_inundacoes_enxurradas,adapta_vulnerabilidade_inundacoes_idx,03_meio_ambiente,sufixo do vocabulario fechado ausente ou abreviacao inventada (secao 6.1 do plano),2026-07-26,,
indice_vulnerabilidade_inundacoes_enxurradas_classe,adapta_vulnerabilidade_inundacoes_cat,03_meio_ambiente,sufixo do vocabulario fechado ausente ou abreviacao inventada (secao 6.1 do plano),2026-07-26,,
adapta_indice_adesao_programa_cidades_resilientes,adapta_adesao_cidades_resilientes_idx,03_meio_ambiente,sufixo do vocabulario fechado ausente ou abreviacao inventada (secao 6.1 do plano),2026-07-26,,
cidades_resilientes_classe,adapta_adesao_cidades_resilientes_cat,03_meio_ambiente,sufixo do vocabulario fechado ausente ou abreviacao inventada (secao 6.1 do plano),2026-07-26,,
indice_capacidade_adaptativa_recursos_hidricos,adapta_capacidade_recursos_hidricos_idx,03_meio_ambiente,sufixo do vocabulario fechado ausente ou abreviacao inventada (secao 6.1 do plano),2026-07-26,,
indice_capacidade_adaptativa_recursos_hidricos_classe,adapta_capacidade_recursos_hidricos_cat,03_meio_ambiente,sufixo do vocabulario fechado ausente ou abreviacao inventada (secao 6.1 do plano),2026-07-26,,
indice_risco_seca,adapta_risco_seca_idx,03_meio_ambiente,sufixo do vocabulario fechado ausente ou abreviacao inventada (secao 6.1 do plano),2026-07-26,,
indice_risco_seca_classe,adapta_risco_seca_cat,03_meio_ambiente,sufixo do vocabulario fechado ausente ou abreviacao inventada (secao 6.1 do plano),2026-07-26,,
indice_vulnerabilidade_seca,adapta_vulnerabilidade_seca_idx,03_meio_ambiente,sufixo do vocabulario fechado ausente ou abreviacao inventada (secao 6.1 do plano),2026-07-26,,
indice_vulnerabilidade_seca_classe,adapta_vulnerabilidade_seca_cat,03_meio_ambiente,sufixo do vocabulario fechado ausente ou abreviacao inventada (secao 6.1 do plano),2026-07-26,,
ivs,ivs_idx,05_sociedade,sufixo do vocabulario fechado ausente ou abreviacao inventada (secao 6.1 do plano),2026-07-26,,
ivs_infraestrutura_urbana,ivs_infraestrutura_urbana_idx,05_sociedade,sufixo do vocabulario fechado ausente ou abreviacao inventada (secao 6.1 do plano),2026-07-26,,
ivs_capital_humano,ivs_capital_humano_idx,05_sociedade,sufixo do vocabulario fechado ausente ou abreviacao inventada (secao 6.1 do plano),2026-07-26,,
ivs_renda_trabalho,ivs_renda_trabalho_idx,05_sociedade,sufixo do vocabulario fechado ausente ou abreviacao inventada (secao 6.1 do plano),2026-07-26,,
idhm,idhm_idx,05_sociedade,sufixo do vocabulario fechado ausente ou abreviacao inventada (secao 6.1 do plano),2026-07-26,,
classe_prosperidade_social,prosperidade_social_cat,05_sociedade,sufixo do vocabulario fechado ausente ou abreviacao inventada (secao 6.1 do plano),2026-07-26,,
emendas_localidade_gasto_texto,emendas_localidade_gasto_cat,06_financas,sufixo do vocabulario fechado ausente ou abreviacao inventada (secao 6.1 do plano),2026-07-26,,
localidade_gasto_2,emendas_localidade_gasto_secundaria_cat,06_financas,sufixo do vocabulario fechado ausente ou abreviacao inventada (secao 6.1 do plano),2026-07-26,,
tipo_emenda,emendas_tipo_cat,06_financas,sufixo do vocabulario fechado ausente ou abreviacao inventada (secao 6.1 do plano),2026-07-26,,
valor_emendas_total,emendas_valor_total_brl2023,06_financas,sufixo do vocabulario fechado ausente ou abreviacao inventada (secao 6.1 do plano),2026-07-26,,
valor_emendas_agricultura,emendas_valor_agricultura_brl2023,06_financas,sufixo do vocabulario fechado ausente ou abreviacao inventada (secao 6.1 do plano),2026-07-26,,
valor_emendas_comercio,emendas_valor_comercio_brl2023,06_financas,sufixo do vocabulario fechado ausente ou abreviacao inventada (secao 6.1 do plano),2026-07-26,,
valor_emendas_desporto,emendas_valor_desporto_brl2023,06_financas,sufixo do vocabulario fechado ausente ou abreviacao inventada (secao 6.1 do plano),2026-07-26,,
valor_emendas_saude,emendas_valor_saude_brl2023,06_financas,sufixo do vocabulario fechado ausente ou abreviacao inventada (secao 6.1 do plano),2026-07-26,,
valor_emendas_urbanismo,emendas_valor_urbanismo_brl2023,06_financas,sufixo do vocabulario fechado ausente ou abreviacao inventada (secao 6.1 do plano),2026-07-26,,
valor_emendas_organizacao_agraria,emendas_valor_organizacao_agraria_brl2023,06_financas,sufixo do vocabulario fechado ausente ou abreviacao inventada (secao 6.1 do plano),2026-07-26,,
valor_emendas_assistencia_social,emendas_valor_assistencia_social_brl2023,06_financas,sufixo do vocabulario fechado ausente ou abreviacao inventada (secao 6.1 do plano),2026-07-26,,
valor_emendas_educacao,emendas_valor_educacao_brl2023,06_financas,sufixo do vocabulario fechado ausente ou abreviacao inventada (secao 6.1 do plano),2026-07-26,,
valor_emendas_direitos_cidadania,emendas_valor_direitos_cidadania_brl2023,06_financas,sufixo do vocabulario fechado ausente ou abreviacao inventada (secao 6.1 do plano),2026-07-26,,
valor_emendas_defesa,emendas_valor_defesa_brl2023,06_financas,sufixo do vocabulario fechado ausente ou abreviacao inventada (secao 6.1 do plano),2026-07-26,,
valor_emendas_ciencia,emendas_valor_ciencia_brl2023,06_financas,sufixo do vocabulario fechado ausente ou abreviacao inventada (secao 6.1 do plano),2026-07-26,,
valor_emendas_cultura,emendas_valor_cultura_brl2023,06_financas,sufixo do vocabulario fechado ausente ou abreviacao inventada (secao 6.1 do plano),2026-07-26,,
valor_emendas_industria,emendas_valor_industria_brl2023,06_financas,sufixo do vocabulario fechado ausente ou abreviacao inventada (secao 6.1 do plano),2026-07-26,,
valor_emendas_seguranca,emendas_valor_seguranca_brl2023,06_financas,sufixo do vocabulario fechado ausente ou abreviacao inventada (secao 6.1 do plano),2026-07-26,,
valor_emendas_gestao_ambiental,emendas_valor_gestao_ambiental_brl2023,06_financas,sufixo do vocabulario fechado ausente ou abreviacao inventada (secao 6.1 do plano),2026-07-26,,
valor_emendas_habitacao,emendas_valor_habitacao_brl2023,06_financas,sufixo do vocabulario fechado ausente ou abreviacao inventada (secao 6.1 do plano),2026-07-26,,
valor_emendas_administracao,emendas_valor_administracao_brl2023,06_financas,sufixo do vocabulario fechado ausente ou abreviacao inventada (secao 6.1 do plano),2026-07-26,,
valor_emendas_saneamento,emendas_valor_saneamento_brl2023,06_financas,sufixo do vocabulario fechado ausente ou abreviacao inventada (secao 6.1 do plano),2026-07-26,,
valor_emendas_trabalho,emendas_valor_trabalho_brl2023,06_financas,sufixo do vocabulario fechado ausente ou abreviacao inventada (secao 6.1 do plano),2026-07-26,,
valor_emendas_transporte,emendas_valor_transporte_brl2023,06_financas,sufixo do vocabulario fechado ausente ou abreviacao inventada (secao 6.1 do plano),2026-07-26,,
valor_emendas_previdencia,emendas_valor_previdencia_brl2023,06_financas,sufixo do vocabulario fechado ausente ou abreviacao inventada (secao 6.1 do plano),2026-07-26,,
valor_emendas_encargos_especiais,emendas_valor_encargos_especiais_brl2023,06_financas,sufixo do vocabulario fechado ausente ou abreviacao inventada (secao 6.1 do plano),2026-07-26,,
valor_emendas_multiplo,emendas_valor_multiplo_brl2023,06_financas,sufixo do vocabulario fechado ausente ou abreviacao inventada (secao 6.1 do plano),2026-07-26,,
comissionados_direta,munic_servidores_comissionados_direta_i,07_recursos_humanos,sufixo do vocabulario fechado ausente ou abreviacao inventada (secao 6.1 do plano),2026-07-26,,
estagiarios_direta,munic_servidores_estagiarios_direta_i,07_recursos_humanos,sufixo do vocabulario fechado ausente ou abreviacao inventada (secao 6.1 do plano),2026-07-26,,
sem_vinculo_permanente_direta,munic_servidores_sem_vinculo_permanente_direta_i,07_recursos_humanos,sufixo do vocabulario fechado ausente ou abreviacao inventada (secao 6.1 do plano),2026-07-26,,
estatutarios_indireta,munic_servidores_estatutarios_indireta_i,07_recursos_humanos,sufixo do vocabulario fechado ausente ou abreviacao inventada (secao 6.1 do plano),2026-07-26,,
clt_indireta,munic_servidores_clt_indireta_i,07_recursos_humanos,sufixo do vocabulario fechado ausente ou abreviacao inventada (secao 6.1 do plano),2026-07-26,,
comissionados_indireta,munic_servidores_comissionados_indireta_i,07_recursos_humanos,sufixo do vocabulario fechado ausente ou abreviacao inventada (secao 6.1 do plano),2026-07-26,,
estagiarios_indireta,munic_servidores_estagiarios_indireta_i,07_recursos_humanos,sufixo do vocabulario fechado ausente ou abreviacao inventada (secao 6.1 do plano),2026-07-26,,
sem_vinculo_permanente_indireta,munic_servidores_sem_vinculo_permanente_indireta_i,07_recursos_humanos,sufixo do vocabulario fechado ausente ou abreviacao inventada (secao 6.1 do plano),2026-07-26,,
anatel_bl_densidade_media_anual_por_100_dom,anatel_bl_densidade_p100dom,08_energia_internet,sufixo do vocabulario fechado ausente ou abreviacao inventada (secao 6.1 do plano),2026-07-26,,
anatel_bl_densidade_media_anual_capital_uf,anatel_bl_densidade_capital_uf_p100dom,08_energia_internet,sufixo do vocabulario fechado ausente ou abreviacao inventada (secao 6.1 do plano),2026-07-26,,
anatel_tm_densidade_media_anual_por_100_dom,anatel_tm_densidade_p100dom,08_energia_internet,sufixo do vocabulario fechado ausente ou abreviacao inventada (secao 6.1 do plano),2026-07-26,,
anatel_tm_densidade_media_anual_capital_uf,anatel_tm_densidade_capital_uf_p100dom,08_energia_internet,sufixo do vocabulario fechado ausente ou abreviacao inventada (secao 6.1 do plano),2026-07-26,,
cobertura_eletricidade_00,censo_cobertura_eletricidade_2000_pct,08_energia_internet,"O ano fica no nome porque a coluna é um retrato censitário replicado no painel, e não uma série.",2026-07-26,,
cobertura_eletricidade_10,censo_cobertura_eletricidade_2010_pct,08_energia_internet,"O ano fica no nome porque a coluna é um retrato censitário replicado no painel, e não uma série.",2026-07-26,,
ideb_nota_media_municipio,ideb_nota_municipio_idx,09_educacao,sufixo do vocabulario fechado ausente ou abreviacao inventada (secao 6.1 do plano),2026-07-26,,
ideb_nota_saeb_padronizada_media,saeb_nota_padronizada_municipio_idx,09_educacao,sufixo do vocabulario fechado ausente ou abreviacao inventada (secao 6.1 do plano),2026-07-26,,
ideb_meta_projetada_media,ideb_meta_projetada_municipio_idx,09_educacao,sufixo do vocabulario fechado ausente ou abreviacao inventada (secao 6.1 do plano),2026-07-26,,
ideb_nota_media_ef_anos_finais,ideb_nota_ef_anos_finais_idx,09_educacao,sufixo do vocabulario fechado ausente ou abreviacao inventada (secao 6.1 do plano),2026-07-26,,
ideb_nota_media_ef_anos_iniciais,ideb_nota_ef_anos_iniciais_idx,09_educacao,sufixo do vocabulario fechado ausente ou abreviacao inventada (secao 6.1 do plano),2026-07-26,,
media_ideb_fundamental,ideb_nota_fundamental_idx,09_educacao,sufixo do vocabulario fechado ausente ou abreviacao inventada (secao 6.1 do plano),2026-07-26,,
media_ideb_medio,ideb_nota_medio_idx,09_educacao,sufixo do vocabulario fechado ausente ou abreviacao inventada (secao 6.1 do plano),2026-07-26,,
media_saeb_fundamental,saeb_nota_fundamental_idx,09_educacao,sufixo do vocabulario fechado ausente ou abreviacao inventada (secao 6.1 do plano),2026-07-26,,
media_saeb_medio,saeb_nota_medio_idx,09_educacao,sufixo do vocabulario fechado ausente ou abreviacao inventada (secao 6.1 do plano),2026-07-26,,
media_projecao_fundamental,ideb_meta_projetada_fundamental_idx,09_educacao,sufixo do vocabulario fechado ausente ou abreviacao inventada (secao 6.1 do plano),2026-07-26,,
media_projecao_medio,ideb_meta_projetada_medio_idx,09_educacao,sufixo do vocabulario fechado ausente ou abreviacao inventada (secao 6.1 do plano),2026-07-26,,
media_saeb_anos_finais,saeb_nota_anos_finais_idx,09_educacao,sufixo do vocabulario fechado ausente ou abreviacao inventada (secao 6.1 do plano),2026-07-26,,
media_saeb_anos_iniciais,saeb_nota_anos_iniciais_idx,09_educacao,sufixo do vocabulario fechado ausente ou abreviacao inventada (secao 6.1 do plano),2026-07-26,,
media_projecao_anos_finais,ideb_meta_projetada_anos_finais_idx,09_educacao,sufixo do vocabulario fechado ausente ou abreviacao inventada (secao 6.1 do plano),2026-07-26,,
media_projecao_anos_iniciais,ideb_meta_projetada_anos_iniciais_idx,09_educacao,sufixo do vocabulario fechado ausente ou abreviacao inventada (secao 6.1 do plano),2026-07-26,,
media_ideb_rede_estadual,ideb_nota_rede_estadual_idx,09_educacao,sufixo do vocabulario fechado ausente ou abreviacao inventada (secao 6.1 do plano),2026-07-26,,
media_ideb_rede_municipal,ideb_nota_rede_municipal_idx,09_educacao,sufixo do vocabulario fechado ausente ou abreviacao inventada (secao 6.1 do plano),2026-07-26,,
media_ideb_rede_federal,ideb_nota_rede_federal_idx,09_educacao,sufixo do vocabulario fechado ausente ou abreviacao inventada (secao 6.1 do plano),2026-07-26,,
media_saeb_rede_estadual,saeb_nota_rede_estadual_idx,09_educacao,sufixo do vocabulario fechado ausente ou abreviacao inventada (secao 6.1 do plano),2026-07-26,,
media_saeb_rede_municipal,saeb_nota_rede_municipal_idx,09_educacao,sufixo do vocabulario fechado ausente ou abreviacao inventada (secao 6.1 do plano),2026-07-26,,
media_saeb_rede_federal,saeb_nota_rede_federal_idx,09_educacao,sufixo do vocabulario fechado ausente ou abreviacao inventada (secao 6.1 do plano),2026-07-26,,
media_projecao_rede_estadual,ideb_meta_projetada_rede_estadual_idx,09_educacao,sufixo do vocabulario fechado ausente ou abreviacao inventada (secao 6.1 do plano),2026-07-26,,
media_projecao_rede_municipal,ideb_meta_projetada_rede_municipal_idx,09_educacao,sufixo do vocabulario fechado ausente ou abreviacao inventada (secao 6.1 do plano),2026-07-26,,
media_projecao_rede_federal,ideb_meta_projetada_rede_federal_idx,09_educacao,sufixo do vocabulario fechado ausente ou abreviacao inventada (secao 6.1 do plano),2026-07-26,,
cobertura_bcg,pni_cobertura_bcg_pct,10_saude,sufixo do vocabulario fechado ausente ou abreviacao inventada (secao 6.1 do plano),2026-07-26,,
cobertura_dtp,pni_cobertura_dtp_pct,10_saude,sufixo do vocabulario fechado ausente ou abreviacao inventada (secao 6.1 do plano),2026-07-26,,
cobertura_dtpa_gestante,pni_cobertura_dtpa_gestante_pct,10_saude,sufixo do vocabulario fechado ausente ou abreviacao inventada (secao 6.1 do plano),2026-07-26,,
cobertura_febre_amarela,pni_cobertura_febre_amarela_pct,10_saude,sufixo do vocabulario fechado ausente ou abreviacao inventada (secao 6.1 do plano),2026-07-26,,
cobertura_hepatite_a,pni_cobertura_hepatite_a_pct,10_saude,sufixo do vocabulario fechado ausente ou abreviacao inventada (secao 6.1 do plano),2026-07-26,,
cobertura_hepatite_b,pni_cobertura_hepatite_b_pct,10_saude,sufixo do vocabulario fechado ausente ou abreviacao inventada (secao 6.1 do plano),2026-07-26,,
cobertura_penta,pni_cobertura_penta_pct,10_saude,sufixo do vocabulario fechado ausente ou abreviacao inventada (secao 6.1 do plano),2026-07-26,,
cobertura_poliomielite,pni_cobertura_poliomielite_pct,10_saude,sufixo do vocabulario fechado ausente ou abreviacao inventada (secao 6.1 do plano),2026-07-26,,
cobertura_sarampo,pni_cobertura_sarampo_pct,10_saude,sufixo do vocabulario fechado ausente ou abreviacao inventada (secao 6.1 do plano),2026-07-26,,
cobertura_tetra_viral,pni_cobertura_tetra_viral_pct,10_saude,sufixo do vocabulario fechado ausente ou abreviacao inventada (secao 6.1 do plano),2026-07-26,,
cobertura_triplice_bacteriana,pni_cobertura_triplice_bacteriana_pct,10_saude,sufixo do vocabulario fechado ausente ou abreviacao inventada (secao 6.1 do plano),2026-07-26,,
cobertura_triplice_viral_d2,pni_cobertura_triplice_viral_d2_pct,10_saude,sufixo do vocabulario fechado ausente ou abreviacao inventada (secao 6.1 do plano),2026-07-26,,
cob_vac_bcg,ieps_cobertura_vacinal_bcg_pct,10_saude,sufixo do vocabulario fechado ausente ou abreviacao inventada (secao 6.1 do plano),2026-07-26,,
cob_vac_rota,ieps_cobertura_vacinal_rotavirus_pct,10_saude,sufixo do vocabulario fechado ausente ou abreviacao inventada (secao 6.1 do plano),2026-07-26,,
cob_vac_menin,ieps_cobertura_vacinal_meningococo_c_pct,10_saude,sufixo do vocabulario fechado ausente ou abreviacao inventada (secao 6.1 do plano),2026-07-26,,
cob_vac_pneumo,ieps_cobertura_vacinal_pneumococica_pct,10_saude,sufixo do vocabulario fechado ausente ou abreviacao inventada (secao 6.1 do plano),2026-07-26,,
cob_vac_polio,ieps_cobertura_vacinal_poliomielite_pct,10_saude,sufixo do vocabulario fechado ausente ou abreviacao inventada (secao 6.1 do plano),2026-07-26,,
cob_vac_tvd1,ieps_cobertura_vacinal_triplice_viral_dose1_pct,10_saude,sufixo do vocabulario fechado ausente ou abreviacao inventada (secao 6.1 do plano),2026-07-26,,
cob_vac_penta,ieps_cobertura_vacinal_pentavalente_pct,10_saude,sufixo do vocabulario fechado ausente ou abreviacao inventada (secao 6.1 do plano),2026-07-26,,
cob_vac_hepa,ieps_cobertura_vacinal_hepatite_a_pct,10_saude,sufixo do vocabulario fechado ausente ou abreviacao inventada (secao 6.1 do plano),2026-07-26,,
pct_prenatal_adeq,ieps_prenatal_adequado_pct,10_saude,sufixo do vocabulario fechado ausente ou abreviacao inventada (secao 6.1 do plano),2026-07-26,,
pct_prenatal_zero,ieps_prenatal_nenhuma_consulta_pct,10_saude,sufixo do vocabulario fechado ausente ou abreviacao inventada (secao 6.1 do plano),2026-07-26,,
pct_prenatal_1a6,ieps_prenatal_1_a_6_consultas_pct,10_saude,sufixo do vocabulario fechado ausente ou abreviacao inventada (secao 6.1 do plano),2026-07-26,,
pct_prenatal_7m,ieps_prenatal_7_ou_mais_consultas_pct,10_saude,sufixo do vocabulario fechado ausente ou abreviacao inventada (secao 6.1 do plano),2026-07-26,,
tx_mort_aj_oms,ieps_taxa_mortalidade_padronizada_oms_p100k,10_saude,sufixo do vocabulario fechado ausente ou abreviacao inventada (secao 6.1 do plano),2026-07-26,,
tx_mort_csap_aj_oms,ieps_taxa_mortalidade_csap_padronizada_oms_p100k,10_saude,sufixo do vocabulario fechado ausente ou abreviacao inventada (secao 6.1 do plano),2026-07-26,,
tx_mort_evit_aj_oms,ieps_taxa_mortalidade_evitavel_padronizada_oms_p100k,10_saude,sufixo do vocabulario fechado ausente ou abreviacao inventada (secao 6.1 do plano),2026-07-26,,
tx_mort_aj_cens,ieps_taxa_mortalidade_padronizada_censo_p100k,10_saude,sufixo do vocabulario fechado ausente ou abreviacao inventada (secao 6.1 do plano),2026-07-26,,
tx_mort_evit_aj_cens,ieps_taxa_mortalidade_evitavel_padronizada_censo_p100k,10_saude,sufixo do vocabulario fechado ausente ou abreviacao inventada (secao 6.1 do plano),2026-07-26,,
tx_leito_sus,ieps_leitos_sus_p100k,10_saude,sufixo do vocabulario fechado ausente ou abreviacao inventada (secao 6.1 do plano),2026-07-26,,
tx_leitouti_sus,ieps_leitos_uti_sus_p100k,10_saude,sufixo do vocabulario fechado ausente ou abreviacao inventada (secao 6.1 do plano),2026-07-26,,
tx_leito_nsus,ieps_leitos_nao_sus_p100k,10_saude,sufixo do vocabulario fechado ausente ou abreviacao inventada (secao 6.1 do plano),2026-07-26,,
tx_leitouti_nsus,ieps_leitos_uti_nao_sus_p100k,10_saude,sufixo do vocabulario fechado ausente ou abreviacao inventada (secao 6.1 do plano),2026-07-26,,
tx_med,ieps_medicos_p1k,10_saude,A unidade declarada dizia 'por 100 mil habitantes' e estava errada: a descrição da fonte e a faixa observada mostram que é por mil.,2026-07-26,,
tx_enf,ieps_enfermeiros_p1k,10_saude,A unidade declarada dizia 'por 100 mil habitantes' e estava errada: a descrição da fonte e a faixa observada mostram que é por mil.,2026-07-26,,
tx_med_ch,ieps_medicos_carga_horaria_p1k,10_saude,A unidade declarada dizia 'por 100 mil habitantes' e estava errada: a descrição da fonte e a faixa observada mostram que é por mil.,2026-07-26,,
tx_enf_ch,ieps_enfermeiros_carga_horaria_p1k,10_saude,A unidade declarada dizia 'por 100 mil habitantes' e estava errada: a descrição da fonte e a faixa observada mostram que é por mil.,2026-07-26,,
n_leito_nsus,ieps_leitos_nao_sus_i,10_saude,sufixo do vocabulario fechado ausente ou abreviacao inventada (secao 6.1 do plano),2026-07-26,,
n_leitouti_nsus,ieps_leitos_uti_nao_sus_i,10_saude,sufixo do vocabulario fechado ausente ou abreviacao inventada (secao 6.1 do plano),2026-07-26,,
desp_tot_saude_pc_mun,ieps_despesa_saude_total_per_capita_brl_nominal,10_saude,sufixo do vocabulario fechado ausente ou abreviacao inventada (secao 6.1 do plano),2026-07-26,,
desp_recp_saude_pc_mun,ieps_despesa_saude_recursos_proprios_per_capita_brl_nominal,10_saude,sufixo do vocabulario fechado ausente ou abreviacao inventada (secao 6.1 do plano),2026-07-26,,
desp_tot_saude_pc_mun_def,ieps_despesa_saude_total_per_capita_brl2023,10_saude,sufixo do vocabulario fechado ausente ou abreviacao inventada (secao 6.1 do plano),2026-07-26,,
desp_recp_saude_pc_mun_def,ieps_despesa_saude_recursos_proprios_per_capita_brl2023,10_saude,sufixo do vocabulario fechado ausente ou abreviacao inventada (secao 6.1 do plano),2026-07-26,,
ano_inicio_tarifa_zero,ano_ref_inicio_tarifa_zero,11_transportes,"Ano de referência, não chave do painel: por isso o prefixo ano_ref_.",2026-07-26,,
adota_tarifa_zero,flag_adota_tarifa_zero,11_transportes,sufixo do vocabulario fechado ausente ou abreviacao inventada (secao 6.1 do plano),2026-07-26,,
ln_receita_per_capita_1920_z,receita_tributaria_1920_norm_idx,15_dados_historicos,"O nome antigo prometia log e z-score. Os valores vão de 0 a 1 exatos, o que é normalização min-max: um z-score é centrado em zero e não tem limite superior.",2026-07-26,,
ln_administracao_publica_1920_z,servidores_administracao_publica_1920_norm_idx,15_dados_historicos,"O nome antigo prometia log e z-score. Os valores vão de 0 a 1 exatos, o que é normalização min-max: um z-score é centrado em zero e não tem limite superior.",2026-07-26,,
ln_forca_publica_1920_z,servidores_forca_publica_1920_norm_idx,15_dados_historicos,"O nome antigo prometia log e z-score. Os valores vão de 0 a 1 exatos, o que é normalização min-max: um z-score é centrado em zero e não tem limite superior.",2026-07-26,,
ln_ferrovia_1920_z,redes_ferroviarias_1920_norm_idx,15_dados_historicos,"O nome antigo prometia log e z-score. Os valores vão de 0 a 1 exatos, o que é normalização min-max: um z-score é centrado em zero e não tem limite superior.",2026-07-26,,
ln_distancia_litoral_km_z,distancia_litoral_norm_idx,15_dados_historicos,"O nome antigo prometia log e z-score. Os valores vão de 0 a 1 exatos, o que é normalização min-max: um z-score é centrado em zero e não tem limite superior.",2026-07-26,,
ln_distancia_capital_estadual_km_z,distancia_capital_estadual_norm_idx,15_dados_historicos,"O nome antigo prometia log e z-score. Os valores vão de 0 a 1 exatos, o que é normalização min-max: um z-score é centrado em zero e não tem limite superior.",2026-07-26,,
ano_fundacao_estimado,ano_ref_fundacao_estimado,15_dados_historicos,sufixo do vocabulario fechado ausente ou abreviacao inventada (secao 6.1 do plano),2026-07-26,,
proporcao_votos_brancos_camara_vereadores,tse_votos_brancos_camara_pct,16_eleicoes,"Chamada de proporção e medida em percentual: chega a 19,45.",2026-07-26,,
proporcao_votos_nulos_camara_vereadores,tse_votos_nulos_camara_pct,16_eleicoes,"Chamada de proporção e medida em percentual: chega a 55,41.",2026-07-26,,
pct_votos_governador_segundo_lugar,tse_votos_governador_segundo_lugar_pct,16_eleicoes,sufixo do vocabulario fechado ausente ou abreviacao inventada (secao 6.1 do plano),2026-07-26,,
nep_prefeitura,nep_prefeitura_idx,16_eleicoes,sufixo do vocabulario fechado ausente ou abreviacao inventada (secao 6.1 do plano),2026-07-26,,
nep_camara_vereadores,nep_camara_idx,16_eleicoes,sufixo do vocabulario fechado ausente ou abreviacao inventada (secao 6.1 do plano),2026-07-26,,
fracionalizacao_prefeitura,fracionalizacao_prefeitura_idx,16_eleicoes,sufixo do vocabulario fechado ausente ou abreviacao inventada (secao 6.1 do plano),2026-07-26,,
fracionalizacao_camara_vereadores,fracionalizacao_camara_idx,16_eleicoes,sufixo do vocabulario fechado ausente ou abreviacao inventada (secao 6.1 do plano),2026-07-26,,
margem_votos,tse_margem_votos_i,16_eleicoes,sufixo do vocabulario fechado ausente ou abreviacao inventada (secao 6.1 do plano),2026-07-26,,
turno,turno_i,16_eleicoes,"Constante igual a 1 em todas as linhas: a base só traz primeiro turno. Mantida para não quebrar consumidor, mas não informa nada.",2026-07-26,,
ano_eleicao,ano_ref_eleicao,16_eleicoes,sufixo do vocabulario fechado ausente ou abreviacao inventada (secao 6.1 do plano),2026-07-26,,
partido_segundo_colocado,partido_segundo_colocado_cat,16_eleicoes,sufixo do vocabulario fechado ausente ou abreviacao inventada (secao 6.1 do plano),2026-07-26,,
sg_partido_governador_eleito,partido_governador_eleito_cat,16_eleicoes,sufixo do vocabulario fechado ausente ou abreviacao inventada (secao 6.1 do plano),2026-07-26,,
composicao_coligacao_governador_eleito,coligacao_governador_eleito_cat,16_eleicoes,sufixo do vocabulario fechado ausente ou abreviacao inventada (secao 6.1 do plano),2026-07-26,,
composicao_coligacao_governador_segundo_lugar,coligacao_governador_segundo_lugar_cat,16_eleicoes,sufixo do vocabulario fechado ausente ou abreviacao inventada (secao 6.1 do plano),2026-07-26,,
nm_urna_governador_eleito,nome_urna_governador_eleito,16_eleicoes,sufixo do vocabulario fechado ausente ou abreviacao inventada (secao 6.1 do plano),2026-07-26,,
nm_urna_governador_segundo_lugar,nome_urna_governador_segundo_lugar,16_eleicoes,sufixo do vocabulario fechado ausente ou abreviacao inventada (secao 6.1 do plano),2026-07-26,,
id_municipio_nome,nome_municipio,03_meio_ambiente,"removida: pertence ao bloco territorial, que por decisao 3.11 existe apenas em 00_diretorios/municipios",2026-07-26,,
nm_uf,nome_uf,03_meio_ambiente,"removida: pertence ao bloco territorial, que por decisao 3.11 existe apenas em 00_diretorios/municipios",2026-07-26,,
municipio_tarifa_zero,nome_municipio,11_transportes,"removida: pertence ao bloco territorial, que por decisao 3.11 existe apenas em 00_diretorios/municipios",2026-07-26,,
variacao_absoluta_area_desmatada_km2,variacao_area_desmatada_pct,03_meio_ambiente,"[auditoria 26/07/2026, achado 7] O nome e o sufixo _km2 declaravam area em quilometros quadrados, e o conteudo e a taxa percentual de crescimento do desmatamento ((atual - defasado)/defasado*100), confirmada em 122.503 linhas com residuo maximo de 5,8e-11. O sufixo _pct poe a coluna no vocabulario fechado e ela passa a ganhar a checagem de faixa.",2026-07-26,renomear,dados-v1.0.0
ln_pib_brl2023,log10_pib_idx,04_economia,"[auditoria 26/07/2026, achado 48] E logaritmo DECIMAL, nao natural (max|dif| contra log10() = 1,8e-15), e carregava sufixo monetario _brl2023 e unidade R$ sobre um numero adimensional. log10_ declara a base e _idx declara que nao ha unidade monetaria.",2026-07-26,renomear,dados-v1.0.0
ln_pib_per_capita_brl2023,log10_pib_per_capita_idx,04_economia,"[auditoria 26/07/2026, achado 48] Idem: logaritmo decimal com sufixo monetario. E uma das colunas consumidas por scripts/artigo.",2026-07-26,renomear,dados-v1.0.0
ln_valor_adicionado_bruto_brl2023,log10_valor_adicionado_bruto_idx,04_economia,"[auditoria 26/07/2026, achado 48] Idem: logaritmo decimal com sufixo monetario.",2026-07-26,renomear,dados-v1.0.0
razao_impostos_sobre_pib_prop,impostos_sobre_pib_prop,04_economia,"[auditoria 26/07/2026, achado 102] O prefixo razao_ foi ACRESCENTADO na harmonizacao (nome antigo impostos_pib), introduzindo um dos prefixos de grandeza relativa que plano/01 manda eliminar do inicio do nome. O sufixo _prop ja carrega a escala.",2026-07-26,renomear,dados-v1.0.0
ieps_despesa_saude_total_per_capita_brl2023,ieps_despesa_saude_total_per_capita_brl2021,10_saude,"[auditoria 26/07/2026, achado 8] Esta em reais de dezembro de 2021, nao de 2023: o indice implicito vale exatamente 1,0000 em 2021 nas 2.744 linhas e reproduz o IPCA oficial ano a ano para tras. O sufixo afirmava a base errada.",2026-07-26,renomear,dados-v1.0.0
ieps_despesa_saude_recursos_proprios_per_capita_brl2023,ieps_despesa_saude_recursos_proprios_per_capita_brl2021,10_saude,"[auditoria 26/07/2026, achado 8] Idem: reais de dezembro de 2021.",2026-07-26,renomear,dados-v1.0.0
gasto_bolsa_familia_per_capita_brl2023,gasto_bolsa_familia_per_capita_brl2021,10_saude,"[auditoria 26/07/2026, achado 8] Idem: reais de dezembro de 2021, com o sufixo afirmando 2023.",2026-07-26,renomear,dados-v1.0.0
proporcao_votos_brancos_prefeito_pct,tse_votos_brancos_prefeito_pct,16_eleicoes,"[auditoria 26/07/2026, achado 102] O prefixo proporcao_ (escala 0-1) convivia com o sufixo _pct (escala 0-100) no mesmo nome, que e a indistincao que o vocabulario existe para matar. O prefixo tse_ alinha com as irmas tse_votos_brancos_camara_pct.",2026-07-26,renomear,dados-v1.0.0
proporcao_votos_nulos_prefeito_pct,tse_votos_nulos_prefeito_pct,16_eleicoes,"[auditoria 26/07/2026, achado 102] Idem, e era a unica coluna da dimensao sem prefixo de fonte.",2026-07-26,renomear,dados-v1.0.0
sigla_partido_prefeito_eleito,sigla_partido_prefeito_eleito_cat,16_eleicoes,"[auditoria 26/07/2026, achado 102] Categorica declarada com escala 'categorica' e sem o sufixo _cat, enquanto quatro irmas declaradas 'categoria' o tem. O dicionario usava duas grafias do mesmo valor e a harmonizacao casou so uma.",2026-07-26,renomear,dados-v1.0.0
sigla_partido_governador_segundo_colocado,sigla_partido_governador_segundo_colocado_cat,16_eleicoes,"[auditoria 26/07/2026, achado 102] Idem.",2026-07-26,renomear,dados-v1.0.0
nome_urna_prefeito_eleito,nome_urna_prefeito_eleito_cat,16_eleicoes,"[auditoria 26/07/2026, achado 102] Idem.",2026-07-26,renomear,dados-v1.0.0
nome_urna_governador_eleito,nome_urna_governador_eleito_cat,16_eleicoes,"[auditoria 26/07/2026, achado 102] Idem.",2026-07-26,renomear,dados-v1.0.0
nome_urna_governador_segundo_lugar,nome_urna_governador_segundo_lugar_cat,16_eleicoes,"[auditoria 26/07/2026, achado 102] Idem.",2026-07-26,renomear,dados-v1.0.0
total_violacoes_lgbtq,disque100_violacoes_lgbtq_i,01_assistencia_social_dh,"[registrado retroativamente em 26/07/2026, auditoria achado 76] Prefixo generico total_ banido, e sem prefixo de fonte nem sufixo de contagem",2026-07-26,renomear,dados-v1.0.0
total_violacoes_pcd,disque100_violacoes_pcd_i,01_assistencia_social_dh,"[registrado retroativamente em 26/07/2026, auditoria achado 76] Prefixo generico total_ banido, e sem prefixo de fonte nem sufixo de contagem",2026-07-26,renomear,dados-v1.0.0
total_violacoes_pessoa_idosa,disque100_violacoes_pessoa_idosa_i,01_assistencia_social_dh,"[registrado retroativamente em 26/07/2026, auditoria achado 76] Prefixo generico total_ banido, e sem prefixo de fonte nem sufixo de contagem",2026-07-26,renomear,dados-v1.0.0
total_violacoes_religiao,disque100_violacoes_religiao_i,01_assistencia_social_dh,"[registrado retroativamente em 26/07/2026, auditoria achado 76] Prefixo generico total_ banido, e sem prefixo de fonte nem sufixo de contagem",2026-07-26,renomear,dados-v1.0.0
cadun_taxa_atualizacao_cadastral_d,cadun_taxa_atualizacao_cadastral_pct,01_assistencia_social_dh,"[registrado retroativamente em 26/07/2026, auditoria achado 76] Sufixo _d nao pertence ao vocabulario fechado; a coluna e percentual",2026-07-26,renomear,dados-v1.0.0
cadun_taxa_atualizacao_cadastral_rfpc_ate_meio_sm_d,cadun_taxa_atualizacao_cadastral_rfpc_ate_meio_sm_pct,01_assistencia_social_dh,"[registrado retroativamente em 26/07/2026, auditoria achado 76] Sufixo _d nao pertence ao vocabulario fechado; a coluna e percentual",2026-07-26,renomear,dados-v1.0.0
margem_pct,margem_prop,16_eleicoes,"[registrado retroativamente em 26/07/2026, auditoria achado 76] Sufixo _pct sobre valores de 0 a 1: era proporcao com o sufixo trocado",2026-07-26,renomear,dados-v1.0.0
anatel_bl_densidade_sobre_capital_uf_prop,anatel_bl_densidade_sobre_capital_uf_razao,08_energia_internet,"Segundo renomeio, que nunca foi registrado: este nome foi o destino de um renomeio anterior e depois mudou outra vez, deixando a cadeia quebrada — quem procurasse o nome antigo caia num nome que nao existe em coluna nenhuma. Registrado em 26/07/2026, achado 76 da auditoria.",2026-07-26,renomear,dados-v2.0.0
anatel_tm_densidade_sobre_capital_uf_prop,anatel_tm_densidade_sobre_capital_uf_razao,08_energia_internet,"Segundo renomeio, que nunca foi registrado: este nome foi o destino de um renomeio anterior e depois mudou outra vez, deixando a cadeia quebrada — quem procurasse o nome antigo caia num nome que nao existe em coluna nenhuma. Registrado em 26/07/2026, achado 76 da auditoria.",2026-07-26,renomear,dados-v2.0.0
area_desmatada_sobre_area_municipio_prop,area_desmatada_sobre_area_municipio_razao,03_meio_ambiente,"Segundo renomeio, que nunca foi registrado: este nome foi o destino de um renomeio anterior e depois mudou outra vez, deixando a cadeia quebrada — quem procurasse o nome antigo caia num nome que nao existe em coluna nenhuma. Registrado em 26/07/2026, achado 76 da auditoria.",2026-07-26,renomear,dados-v2.0.0
centroide_wkt_sirgas2000,centroide_wkt,00_diretorios,"Segundo renomeio, que nunca foi registrado: este nome foi o destino de um renomeio anterior e depois mudou outra vez, deixando a cadeia quebrada — quem procurasse o nome antigo caia num nome que nao existe em coluna nenhuma. Registrado em 26/07/2026, achado 76 da auditoria.",2026-07-26,renomear,dados-v2.0.0
disque100_denuncias_crianca_adolescente_i,disque100_violacoes_crianca_adolescente_i,01_assistencia_social_dh,"Segundo renomeio, que nunca foi registrado: este nome foi o destino de um renomeio anterior e depois mudou outra vez, deixando a cadeia quebrada — quem procurasse o nome antigo caia num nome que nao existe em coluna nenhuma. Registrado em 26/07/2026, achado 76 da auditoria.",2026-07-26,renomear,dados-v2.0.0
disque100_denuncias_violacoes_i,disque100_violacoes_i,01_assistencia_social_dh,"Segundo renomeio, que nunca foi registrado: este nome foi o destino de um renomeio anterior e depois mudou outra vez, deixando a cadeia quebrada — quem procurasse o nome antigo caia num nome que nao existe em coluna nenhuma. Registrado em 26/07/2026, achado 76 da auditoria.",2026-07-26,renomear,dados-v2.0.0
fbsp_mortes_intervencao_policial_sobre_mvi_prop,fbsp_mortes_intervencao_policial_sobre_mvi_razao,13_seguranca,"Segundo renomeio, que nunca foi registrado: este nome foi o destino de um renomeio anterior e depois mudou outra vez, deixando a cadeia quebrada — quem procurasse o nome antigo caia num nome que nao existe em coluna nenhuma. Registrado em 26/07/2026, achado 76 da auditoria.",2026-07-26,renomear,dados-v2.0.0
